instance,sequence,distance (m),time (ns),num_dests
ds_1004_courier_1656,"[0, 3, 8, 9, 10, 5, 4, 7, 1, 2, 6, 0]",10926.594369556933,14037600,10
ds_1010_courier_87,"[0, 8, 10, 7, 9, 6, 1, 2, 3, 4, 5, 0]",5630.29222418608,14019500,10
ds_1015_courier_1558,"[0, 1, 7, 5, 3, 2, 9, 6, 10, 8, 4, 0]",122.7957028910127,13932500,10
ds_1016_courier_1558,"[0, 1, 6, 8, 3, 4, 5, 2, 9, 7, 10, 0]",1261.6534282567184,13505100,10
ds_524_courier_2208,"[0, 10, 4, 5, 6, 3, 7, 1, 8, 2, 9, 0]",6160.643534441105,47590800,10
ds_524_courier_3156,"[0, 9, 8, 5, 4, 3, 7, 6, 2, 1, 10, 0]",9249.079031738725,14002900,10
ds_527_courier_2208,"[0, 8, 6, 1, 9, 4, 5, 2, 3, 7, 10, 0]",6037.294918468062,12412100,10
ds_530_courier_2208,"[0, 9, 10, 4, 5, 3, 6, 1, 7, 2, 8, 0]",5057.073224723712,13044700,10
ds_531_courier_1103,"[0, 9, 7, 6, 5, 10, 1, 2, 4, 3, 8, 0]",9533.91699790506,13515300,10
ds_603_courier_152,"[0, 3, 1, 10, 2, 4, 8, 6, 7, 5, 9, 0]",8540.274284911755,13504300,10
ds_603_courier_3458,"[0, 9, 2, 1, 3, 4, 5, 8, 7, 6, 10, 0]",31241.898778279818,49021300,10
ds_603_courier_3559,"[0, 2, 9, 1, 6, 3, 4, 8, 5, 10, 7, 0]",7362.829999691801,13009800,10
ds_604_courier_152,"[0, 5, 10, 1, 2, 4, 9, 7, 3, 6, 8, 0]",8140.6250228442295,13009000,10
ds_604_courier_1756,"[0, 6, 7, 8, 2, 1, 10, 5, 4, 3, 9, 0]",10725.952170615692,12505300,10
ds_604_courier_2208,"[0, 4, 5, 8, 3, 2, 1, 7, 10, 9, 6, 0]",4759.827796306523,13009800,10
ds_607_courier_435,"[0, 6, 4, 2, 1, 3, 5, 7, 10, 8, 9, 0]",8579.007129718671,12505000,10
ds_616_courier_2925,"[0, 1, 2, 6, 7, 4, 10, 8, 5, 9, 3, 0]",9850.071546235376,49301100,10
ds_617_courier_1087,"[0, 6, 7, 5, 4, 2, 1, 3, 9, 10, 8, 0]",6751.084729936043,12231500,10
ds_618_courier_1177,"[0, 9, 6, 4, 5, 1, 2, 3, 8, 7, 10, 0]",10378.996258282521,13009200,10
ds_619_courier_1756,"[0, 4, 1, 8, 9, 5, 6, 2, 10, 3, 7, 0]",5280.8320262405905,14013500,10
ds_619_courier_2688,"[0, 1, 2, 10, 4, 5, 6, 7, 8, 9, 3, 0]",10188.652649045478,13501300,10
ds_619_courier_854,"[0, 6, 5, 2, 7, 4, 3, 1, 8, 10, 9, 0]",14378.631497837476,13021300,10
ds_627_courier_487,"[0, 3, 1, 4, 2, 5, 6, 9, 8, 10, 7, 0]",14205.413620420479,46574200,10
ds_708_courier_1656,"[0, 6, 7, 8, 2, 4, 1, 3, 5, 9, 10, 0]",24312.435401628278,12716900,10
ds_708_courier_3156,"[0, 9, 8, 4, 2, 5, 7, 3, 6, 10, 1, 0]",8935.22707125433,13010400,10
ds_709_courier_1656,"[0, 8, 4, 3, 6, 10, 7, 2, 5, 1, 9, 0]",19353.136428408485,13337000,10
ds_711_courier_4474,"[0, 10, 8, 1, 5, 9, 2, 7, 6, 4, 3, 0]",6130.490033056343,13017000,10
ds_712_courier_2688,"[0, 7, 8, 4, 3, 2, 1, 5, 6, 9, 10, 0]",10731.261740163198,13201500,10
ds_713_courier_435,"[0, 6, 3, 5, 8, 9, 4, 10, 7, 2, 1, 0]",5232.40360393978,46891000,10
ds_715_courier_487,"[0, 9, 8, 2, 10, 1, 4, 3, 5, 6, 7, 0]",13270.5411670977,13505300,10
ds_716_courier_3156,"[0, 5, 2, 10, 4, 8, 3, 1, 9, 7, 6, 0]",8720.224962472186,13504900,10
ds_719_courier_2925,"[0, 4, 9, 1, 5, 10, 6, 3, 8, 2, 7, 0]",10013.086422317047,13009400,10
ds_721_courier_949,"[0, 1, 6, 10, 9, 8, 7, 2, 3, 5, 4, 0]",9626.16872438664,12507400,10
ds_722_courier_487,"[0, 5, 6, 7, 3, 4, 2, 1, 9, 10, 8, 0]",14795.957523156807,13515500,10
ds_726_courier_487,"[0, 2, 5, 4, 8, 7, 6, 10, 9, 1, 3, 0]",14923.88730368144,54508500,10
ds_727_courier_3156,"[0, 6, 1, 4, 2, 5, 9, 8, 10, 3, 7, 0]",8766.374902657193,13514500,10
ds_801_courier_1656,"[0, 9, 8, 7, 1, 4, 3, 6, 10, 2, 5, 0]",15594.610415402864,14002200,10
ds_803_courier_1656,"[0, 2, 10, 9, 3, 5, 8, 1, 7, 4, 6, 0]",10781.870856683412,13514900,10
ds_806_courier_1656,"[0, 2, 3, 4, 1, 8, 9, 10, 7, 5, 6, 0]",12363.281876285926,13504800,10
ds_806_courier_435,"[0, 1, 8, 7, 6, 5, 2, 3, 9, 4, 10, 0]",5123.538018384332,13010100,10
ds_807_courier_4849,"[0, 5, 1, 2, 3, 7, 9, 6, 10, 4, 8, 0]",9168.70870798994,12330900,10
ds_809_courier_435,"[0, 4, 2, 10, 7, 1, 6, 8, 9, 3, 5, 0]",4904.568392353164,47892700,10
ds_820_courier_487,"[0, 9, 10, 4, 8, 7, 2, 1, 3, 5, 6, 0]",14001.845562644878,13767100,10
ds_821_courier_487,"[0, 2, 1, 5, 9, 10, 3, 4, 8, 7, 6, 0]",14539.216225525503,14009300,10
ds_823_courier_487,"[0, 5, 2, 4, 10, 3, 1, 9, 8, 6, 7, 0]",15705.812528634917,13504800,10
ds_824_courier_487,"[0, 4, 2, 1, 3, 9, 8, 10, 7, 5, 6, 0]",14791.280910073336,12619300,10
ds_826_courier_487,"[0, 10, 5, 4, 3, 2, 1, 8, 9, 7, 6, 0]",21502.637086417373,12508400,10
ds_828_courier_435,"[0, 2, 10, 1, 9, 3, 6, 5, 4, 7, 8, 0]",8873.21176150124,49524700,10
ds_908_courier_487,"[0, 4, 3, 2, 1, 10, 8, 9, 7, 6, 5, 0]",14108.62597993554,14012400,10
ds_911_courier_1558,"[0, 7, 8, 1, 4, 2, 3, 6, 5, 9, 10, 0]",5937.073386860334,13503600,10
ds_912_courier_435,"[0, 10, 2, 1, 3, 5, 6, 4, 9, 8, 7, 0]",8363.963282853683,13507300,10
ds_916_courier_487,"[0, 4, 5, 6, 2, 3, 1, 7, 10, 8, 9, 0]",13021.220213510476,13002000,10
ds_918_courier_1656,"[0, 1, 10, 9, 8, 7, 6, 5, 4, 2, 3, 0]",23965.177534077506,13539300,10
ds_926_courier_290,"[0, 5, 2, 3, 10, 4, 9, 1, 8, 7, 6, 0]",8482.511207701844,46682600,10
ds_1002_courier_4474,"[0, 1, 2, 3, 4, 7, 8, 9, 6, 5, 10, 11, 0]",10549.72621429624,33103700,11
ds_1005_courier_87,"[0, 11, 3, 4, 5, 6, 9, 7, 8, 10, 2, 1, 0]",5650.7036512458135,32021300,11
ds_1012_courier_1656,"[0, 1, 2, 5, 6, 8, 10, 4, 7, 9, 11, 3, 0]",18019.0418070383,70040700,11
ds_1014_courier_87,"[0, 2, 5, 6, 4, 3, 1, 11, 10, 9, 8, 7, 0]",5830.6632714628,34605800,11
ds_1016_courier_1520,"[0, 11, 3, 10, 9, 8, 7, 6, 2, 5, 4, 1, 0]",5462.997818074095,33523400,11
ds_529_courier_3458,"[0, 2, 1, 9, 6, 10, 11, 8, 7, 3, 4, 5, 0]",12444.735956679917,69545900,11
ds_531_courier_2688,"[0, 2, 6, 5, 9, 7, 4, 3, 10, 8, 1, 11, 0]",11279.962972862717,33137500,11
ds_605_courier_2208,"[0, 1, 11, 7, 6, 8, 3, 5, 4, 9, 2, 10, 0]",6124.757593527605,65152200,11
ds_608_courier_2688,"[0, 7, 2, 1, 4, 3, 5, 8, 9, 10, 6, 11, 0]",9399.433208241551,32535100,11
ds_608_courier_435,"[0, 2, 5, 10, 11, 8, 9, 6, 4, 1, 7, 3, 0]",5344.461834307587,33020300,11
ds_609_courier_979,"[0, 6, 8, 11, 10, 9, 7, 2, 3, 4, 5, 1, 0]",6468.882552841179,72939400,11
ds_610_courier_435,"[0, 3, 2, 9, 10, 7, 6, 8, 4, 5, 1, 11, 0]",5290.773150947642,32162000,11
ds_611_courier_1656,"[0, 11, 9, 10, 3, 5, 7, 1, 6, 4, 8, 2, 0]",18557.82143426824,32353700,11
ds_616_courier_2688,"[0, 11, 9, 7, 1, 5, 2, 4, 3, 8, 6, 10, 0]",12825.16124706798,71559600,11
ds_617_courier_3073,"[0, 5, 9, 4, 11, 2, 8, 3, 10, 1, 6, 7, 0]",3396.462583115497,32531100,11
ds_628_courier_1656,"[0, 10, 11, 9, 2, 1, 8, 6, 7, 5, 4, 3, 0]",21536.90123236648,32525500,11
ds_628_courier_4474,"[0, 1, 3, 2, 10, 4, 8, 7, 9, 6, 5, 11, 0]",7384.75235260582,69473600,11
ds_702_courier_1656,"[0, 7, 4, 5, 3, 11, 6, 10, 2, 9, 1, 8, 0]",18573.399648943996,33018700,11
ds_703_courier_487,"[0, 4, 2, 3, 1, 8, 9, 11, 10, 5, 6, 7, 0]",13495.634323904284,65427000,11
ds_708_courier_435,"[0, 8, 6, 4, 11, 5, 2, 3, 7, 9, 1, 10, 0]",5095.832627182044,33170800,11
ds_711_courier_2302,"[0, 1, 2, 4, 3, 5, 7, 6, 11, 9, 10, 8, 0]",12642.044689106395,32513600,11
ds_712_courier_638,"[0, 10, 5, 2, 11, 3, 7, 8, 6, 9, 4, 1, 0]",19619.763517281317,73775600,11
ds_713_courier_2302,"[0, 4, 6, 8, 9, 11, 2, 7, 3, 1, 5, 10, 0]",12393.037193129821,33416400,11
ds_713_courier_949,"[0, 3, 2, 7, 6, 11, 8, 5, 1, 10, 9, 4, 0]",9256.103809995479,32674300,11
ds_714_courier_3156,"[0, 5, 3, 4, 6, 1, 11, 2, 10, 7, 9, 8, 0]",9543.922867830337,73034100,11
ds_714_courier_487,"[0, 8, 5, 6, 7, 10, 9, 3, 11, 2, 1, 4, 0]",13871.641383532718,32522900,11
ds_715_courier_2925,"[0, 3, 1, 11, 4, 8, 10, 7, 2, 9, 5, 6, 0]",10586.932763019711,33528400,11
ds_716_courier_1656,"[0, 3, 7, 2, 6, 11, 4, 1, 10, 5, 9, 8, 0]",21912.38689765817,71558600,11
ds_718_courier_435,"[0, 4, 3, 5, 7, 8, 10, 2, 1, 11, 6, 9, 0]",7812.356367827766,34023200,11
ds_722_courier_1656,"[0, 11, 8, 1, 7, 6, 2, 3, 4, 5, 10, 9, 0]",14884.842870587134,64293000,11
ds_724_courier_487,"[0, 6, 7, 8, 5, 10, 9, 1, 11, 2, 4, 3, 0]",15177.868597126282,32194900,11
ds_726_courier_1656,"[0, 1, 7, 5, 2, 9, 6, 3, 10, 8, 4, 11, 0]",23720.57059629081,33285300,11
ds_730_courier_435,"[0, 8, 5, 4, 9, 1, 11, 10, 2, 3, 7, 6, 0]",5593.990723496222,73936600,11
ds_802_courier_638,"[0, 1, 2, 3, 10, 8, 7, 6, 5, 9, 4, 11, 0]",5544.982214931347,33350500,11
ds_804_courier_1656,"[0, 5, 7, 6, 1, 10, 9, 4, 2, 3, 11, 8, 0]",10830.344534785394,32375200,11
ds_804_courier_949,"[0, 3, 2, 1, 7, 6, 5, 4, 8, 11, 10, 9, 0]",9992.30598958631,71035600,11
ds_805_courier_435,"[0, 2, 1, 4, 3, 10, 5, 9, 7, 6, 8, 11, 0]",4386.51330993019,36070800,11
ds_805_courier_949,"[0, 1, 2, 5, 4, 8, 7, 6, 11, 9, 10, 3, 0]",10154.686682536369,33023400,11
ds_814_courier_1656,"[0, 3, 2, 8, 5, 4, 9, 10, 7, 1, 6, 11, 0]",18491.720566635337,74436300,11
ds_815_courier_3156,"[0, 5, 8, 4, 2, 10, 1, 11, 7, 3, 6, 9, 0]",8945.045534314493,32517100,11
ds_819_courier_487,"[0, 3, 4, 2, 1, 9, 10, 11, 7, 5, 6, 8, 0]",15125.06920812621,70947600,11
ds_825_courier_487,"[0, 1, 2, 3, 4, 11, 7, 8, 10, 9, 5, 6, 0]",15201.432802501764,33019200,11
ds_826_courier_2925,"[0, 1, 3, 9, 8, 2, 5, 6, 4, 10, 7, 11, 0]",10747.718844402394,33300400,11
ds_831_courier_487,"[0, 3, 4, 1, 11, 2, 8, 5, 9, 10, 7, 6, 0]",16321.284670968684,70741200,11
ds_909_courier_487,"[0, 5, 6, 7, 9, 8, 11, 10, 1, 2, 3, 4, 0]",15297.517591835518,33295600,11
ds_911_courier_487,"[0, 3, 2, 1, 4, 5, 6, 8, 11, 7, 10, 9, 0]",16604.222004027015,32018000,11
ds_913_courier_2925,"[0, 5, 8, 9, 1, 4, 2, 11, 3, 7, 10, 6, 0]",14105.864474407088,70062100,11
ds_927_courier_435,"[0, 5, 9, 1, 6, 8, 2, 10, 11, 3, 4, 7, 0]",10359.855200694767,34036000,11
ds_1002_courier_1103,"[0, 3, 1, 12, 11, 8, 10, 4, 2, 5, 7, 6, 9, 0]",17471.922494630402,117146400,12
ds_1003_courier_1558,"[0, 3, 9, 5, 8, 1, 10, 6, 2, 11, 4, 7, 12, 0]",1293.341108576831,119498100,12
ds_515_courier_3156,"[0, 10, 7, 5, 6, 3, 4, 9, 8, 11, 1, 2, 12, 0]",8391.407681419241,79738500,12
ds_516_courier_588,"[0, 12, 4, 9, 1, 3, 6, 7, 11, 5, 2, 8, 10, 0]",12694.185263138892,126633100,12
ds_517_courier_435,"[0, 5, 6, 1, 2, 4, 11, 9, 8, 7, 12, 10, 3, 0]",8746.710261742412,114042700,12
ds_518_courier_3156,"[0, 5, 11, 2, 3, 6, 7, 4, 1, 12, 8, 9, 10, 0]",9813.544563902331,119273800,12
ds_518_courier_435,"[0, 5, 10, 7, 9, 3, 1, 12, 2, 11, 4, 8, 6, 0]",5668.224662455151,118993900,12
ds_525_courier_435,"[0, 11, 9, 6, 4, 8, 5, 7, 10, 2, 1, 3, 12, 0]",4908.091461963411,84047600,12
ds_525_courier_949,"[0, 2, 1, 5, 12, 7, 11, 8, 6, 3, 4, 10, 9, 0]",9057.00433043572,120591100,12
ds_526_courier_1656,"[0, 12, 6, 8, 4, 5, 7, 10, 9, 1, 3, 2, 11, 0]",8212.67407307264,114701600,12
ds_527_courier_435,"[0, 11, 4, 1, 8, 7, 5, 3, 2, 6, 9, 10, 12, 0]",5245.338551687062,120890900,12
ds_528_courier_1103,"[0, 11, 10, 9, 12, 3, 2, 5, 1, 4, 7, 6, 8, 0]",7755.72686009324,120896100,12
ds_530_courier_4322,"[0, 5, 7, 4, 1, 12, 3, 9, 6, 11, 10, 2, 8, 0]",4794.806763218861,79656100,12
ds_601_courier_2060,"[0, 9, 7, 5, 4, 3, 10, 6, 2, 1, 11, 8, 12, 0]",4803.558754796297,131230000,12
ds_601_courier_638,"[0, 1, 5, 3, 2, 4, 11, 9, 8, 6, 7, 10, 12, 0]",4795.963889202814,120406900,12
ds_603_courier_1103,"[0, 6, 10, 9, 7, 8, 2, 1, 3, 4, 11, 12, 5, 0]",16750.035552511803,117579900,12
ds_604_courier_2618,"[0, 7, 5, 3, 2, 1, 6, 4, 12, 11, 8, 10, 9, 0]",7648.137262910385,119316500,12
ds_605_courier_152,"[0, 10, 3, 1, 8, 9, 4, 2, 5, 6, 12, 11, 7, 0]",8527.738641397882,79202200,12
ds_605_courier_3073,"[0, 7, 10, 9, 3, 1, 2, 5, 12, 4, 6, 8, 11, 0]",4354.682298781606,128461600,12
ds_607_courier_1103,"[0, 7, 10, 11, 9, 8, 6, 4, 5, 3, 2, 1, 12, 0]",13037.182718507576,119564000,12
ds_607_courier_638,"[0, 9, 6, 5, 2, 3, 4, 7, 8, 1, 11, 12, 10, 0]",4672.908939462948,118444300,12
ds_611_courier_487,"[0, 1, 2, 3, 5, 6, 7, 10, 9, 8, 12, 11, 4, 0]",15208.03201351309,123759400,12
ds_615_courier_2925,"[0, 9, 8, 6, 10, 5, 1, 2, 3, 7, 4, 12, 11, 0]",10418.911573512838,80415200,12
ds_616_courier_4849,"[0, 6, 2, 7, 5, 1, 8, 12, 11, 10, 3, 4, 9, 0]",8992.822227377203,127732100,12
ds_617_courier_1756,"[0, 4, 7, 6, 10, 3, 5, 2, 1, 8, 12, 11, 9, 0]",5392.862566497317,115560800,12
ds_618_courier_854,"[0, 2, 8, 12, 5, 1, 11, 9, 10, 7, 3, 4, 6, 0]",6938.067785624979,117694800,12
ds_619_courier_3156,"[0, 9, 5, 3, 4, 7, 12, 8, 2, 6, 1, 11, 10, 0]",9519.439600059748,122685400,12
ds_701_courier_487,"[0, 6, 3, 5, 4, 1, 12, 2, 11, 10, 9, 7, 8, 0]",14418.820177722326,79566600,12
ds_703_courier_1656,"[0, 4, 2, 8, 7, 11, 5, 3, 9, 1, 6, 12, 10, 0]",14848.510381858307,123059900,12
ds_703_courier_3156,"[0, 4, 1, 8, 6, 9, 10, 12, 3, 7, 2, 11, 5, 0]",9361.2712325261,117272800,12
ds_705_courier_4474,"[0, 8, 7, 9, 10, 11, 6, 5, 4, 3, 2, 1, 12, 0]",7233.821872375778,116572200,12
ds_705_courier_638,"[0, 3, 1, 4, 2, 8, 11, 10, 9, 7, 12, 5, 6, 0]",5636.196100350897,79141000,12
ds_706_courier_4474,"[0, 9, 4, 3, 12, 5, 6, 11, 1, 7, 2, 8, 10, 0]",6715.4687925049375,129892400,12
ds_706_courier_487,"[0, 2, 3, 4, 1, 12, 9, 11, 10, 8, 7, 6, 5, 0]",16059.430780362054,112240100,12
ds_706_courier_949,"[0, 12, 10, 11, 6, 5, 4, 7, 8, 9, 2, 1, 3, 0]",9208.594574187882,117058500,12
ds_707_courier_487,"[0, 5, 2, 12, 1, 3, 4, 11, 9, 10, 8, 7, 6, 0]",15345.449999455346,123233600,12
ds_710_courier_638,"[0, 7, 11, 1, 8, 2, 6, 12, 5, 4, 3, 9, 10, 0]",19368.043810894902,79041900,12
ds_713_courier_2688,"[0, 6, 10, 11, 12, 9, 3, 2, 1, 4, 5, 8, 7, 0]",12653.674452651543,127022200,12
ds_717_courier_1656,"[0, 1, 9, 4, 5, 6, 7, 11, 8, 10, 2, 3, 12, 0]",25369.066116177823,113716000,12
ds_717_courier_487,"[0, 8, 6, 5, 2, 1, 12, 3, 4, 7, 9, 10, 11, 0]",13684.668877034399,115983400,12
ds_720_courier_949,"[0, 8, 9, 3, 4, 5, 11, 10, 6, 7, 1, 12, 2, 0]",9671.445596128055,118089300,12
ds_723_courier_1656,"[0, 1, 12, 11, 7, 3, 5, 6, 10, 2, 4, 9, 8, 0]",21861.06403581083,81056200,12
ds_723_courier_487,"[0, 10, 4, 5, 11, 1, 6, 2, 3, 7, 8, 9, 12, 0]",14767.346768857271,125672300,12
ds_724_courier_3156,"[0, 12, 5, 11, 6, 7, 8, 3, 9, 4, 10, 2, 1, 0]",9807.728833839941,113318400,12
ds_726_courier_3156,"[0, 5, 3, 8, 4, 9, 6, 2, 1, 7, 11, 12, 10, 0]",8619.786809469266,116614900,12
ds_807_courier_949,"[0, 5, 2, 1, 6, 7, 4, 8, 12, 11, 3, 10, 9, 0]",9699.16676010854,118060300,12
ds_808_courier_2925,"[0, 10, 5, 3, 12, 4, 9, 1, 8, 2, 7, 11, 6, 0]",19554.034493982585,77254600,12
ds_813_courier_3156,"[0, 3, 7, 9, 12, 5, 4, 11, 2, 1, 6, 8, 10, 0]",8887.192323565841,124233100,12
ds_815_courier_435,"[0, 5, 2, 7, 3, 10, 11, 1, 12, 4, 8, 9, 6, 0]",8483.648772538903,119053800,12
ds_817_courier_1656,"[0, 5, 12, 7, 1, 9, 3, 11, 4, 2, 10, 8, 6, 0]",12692.809700658905,121595500,12
ds_817_courier_2925,"[0, 4, 11, 10, 1, 12, 8, 7, 9, 5, 6, 3, 2, 0]",11036.002868420728,116981000,12
ds_817_courier_487,"[0, 10, 6, 7, 4, 5, 9, 1, 2, 11, 12, 3, 8, 0]",13333.598218032375,80139100,12
ds_828_courier_487,"[0, 4, 3, 12, 5, 6, 1, 2, 10, 9, 11, 7, 8, 0]",15668.804896859443,127618100,12
ds_907_courier_1558,"[0, 1, 6, 4, 5, 12, 2, 7, 11, 8, 9, 10, 3, 0]",7978.131557216507,115117100,12
ds_918_courier_290,"[0, 9, 12, 5, 6, 4, 3, 7, 1, 2, 11, 10, 8, 0]",11455.723896794281,114594100,12
ds_925_courier_487,"[0, 10, 9, 11, 8, 7, 6, 3, 2, 1, 12, 5, 4, 0]",15710.858808518793,121819000,12
ds_928_courier_487,"[0, 12, 3, 2, 4, 5, 10, 9, 6, 1, 7, 8, 11, 0]",17589.62475738043,81066800,12
ds_929_courier_487,"[0, 4, 5, 11, 10, 3, 9, 7, 8, 6, 2, 12, 1, 0]",16822.78032164075,132672900,12
ds_1008_courier_87,"[0, 12, 5, 6, 11, 4, 2, 3, 1, 10, 9, 8, 7, 13, 0]",5781.1874149672585,269451800,13
ds_1010_courier_1656,"[0, 13, 7, 12, 11, 10, 9, 8, 6, 4, 5, 3, 2, 1, 0]",17013.872870889223,293293000,13
ds_1011_courier_1558,"[0, 7, 13, 12, 11, 4, 3, 1, 2, 5, 10, 6, 9, 8, 0]",1331.4209505684557,245140400,13
ds_1013_courier_1520,"[0, 1, 6, 5, 10, 7, 8, 13, 9, 4, 12, 11, 3, 2, 0]",5938.697880211571,275898000,13
ds_517_courier_487,"[0, 1, 4, 3, 2, 13, 12, 10, 11, 8, 9, 5, 6, 7, 0]",15306.111544310392,276407300,13
ds_520_courier_435,"[0, 2, 10, 11, 12, 7, 5, 6, 9, 8, 1, 4, 3, 13, 0]",5559.116854215397,262583800,13
ds_528_courier_2208,"[0, 9, 10, 13, 11, 6, 1, 2, 3, 12, 8, 7, 4, 5, 0]",8360.324728216108,268215700,13
ds_528_courier_4849,"[0, 12, 13, 1, 2, 8, 7, 5, 11, 9, 6, 10, 4, 3, 0]",9186.294356868919,277696200,13
ds_530_courier_3073,"[0, 8, 11, 10, 12, 5, 3, 7, 9, 13, 6, 4, 2, 1, 0]",3953.5886932440408,281608100,13
ds_530_courier_3559,"[0, 13, 6, 2, 3, 4, 5, 1, 12, 8, 10, 9, 11, 7, 0]",11841.380652685026,247252700,13
ds_601_courier_2208,"[0, 8, 2, 1, 11, 4, 5, 6, 7, 13, 12, 10, 9, 3, 0]",6181.896094775254,275702400,13
ds_604_courier_3458,"[0, 12, 13, 10, 2, 1, 3, 6, 4, 11, 8, 7, 9, 5, 0]",12701.993866177474,280096200,13
ds_604_courier_979,"[0, 9, 7, 3, 4, 2, 6, 5, 1, 13, 10, 11, 8, 12, 0]",5437.441030484843,247768400,13
ds_607_courier_75,"[0, 1, 2, 3, 8, 13, 5, 11, 7, 4, 10, 9, 12, 6, 0]",12454.136286097017,266306200,13
ds_608_courier_949,"[0, 3, 4, 1, 2, 5, 6, 8, 13, 11, 12, 10, 9, 7, 0]",9403.171783334894,276812700,13
ds_613_courier_4849,"[0, 5, 6, 9, 1, 7, 13, 4, 2, 8, 3, 12, 10, 11, 0]",9559.080399388422,287781800,13
ds_617_courier_487,"[0, 12, 5, 6, 9, 1, 2, 3, 4, 8, 11, 13, 7, 10, 0]",14715.738578489754,249875200,13
ds_630_courier_1656,"[0, 8, 2, 1, 11, 10, 7, 6, 12, 5, 4, 13, 3, 9, 0]",18709.69283398463,276199300,13
ds_701_courier_4474,"[0, 13, 10, 5, 3, 4, 1, 6, 2, 8, 7, 9, 12, 11, 0]",5955.489736308633,277260700,13
ds_703_courier_4474,"[0, 10, 7, 12, 8, 2, 1, 6, 4, 3, 13, 9, 5, 11, 0]",7399.207760740218,248418200,13
ds_705_courier_1656,"[0, 3, 7, 13, 6, 12, 2, 1, 5, 9, 11, 4, 8, 10, 0]",20412.502836655654,271701500,13
ds_707_courier_3156,"[0, 9, 5, 2, 13, 8, 12, 3, 6, 7, 1, 10, 4, 11, 0]",8915.734176473708,276159600,13
ds_712_courier_2925,"[0, 7, 11, 10, 9, 12, 8, 5, 4, 1, 13, 2, 3, 6, 0]",12997.72240733636,286228800,13
ds_712_courier_949,"[0, 3, 2, 11, 4, 13, 1, 6, 9, 10, 7, 8, 5, 12, 0]",9616.360314229642,254907600,13
ds_715_courier_435,"[0, 5, 10, 9, 8, 13, 3, 4, 12, 1, 2, 11, 7, 6, 0]",8640.233527425557,275180200,13
ds_717_courier_435,"[0, 3, 9, 2, 5, 12, 10, 13, 1, 4, 6, 7, 8, 11, 0]",5800.145370982677,275986600,13
ds_718_courier_1656,"[0, 1, 8, 2, 9, 10, 3, 6, 12, 11, 13, 5, 4, 7, 0]",15815.521101623168,251085500,13
ds_719_courier_435,"[0, 8, 2, 10, 3, 6, 5, 11, 7, 12, 4, 1, 13, 9, 0]",5390.64928506911,280378100,13
ds_720_courier_2925,"[0, 8, 10, 3, 12, 11, 9, 5, 1, 2, 7, 4, 13, 6, 0]",10795.786975766798,277440100,13
ds_721_courier_2925,"[0, 9, 3, 11, 6, 2, 13, 4, 8, 12, 10, 1, 7, 5, 0]",10793.027227352313,286062600,13
ds_722_courier_3156,"[0, 4, 5, 9, 8, 2, 10, 1, 7, 6, 11, 3, 13, 12, 0]",9076.443305916568,259574600,13
ds_725_courier_3156,"[0, 4, 10, 5, 11, 8, 12, 7, 1, 6, 9, 3, 2, 13, 0]",9270.036462368127,279966800,13
ds_725_courier_4474,"[0, 6, 3, 7, 2, 8, 9, 10, 4, 13, 5, 1, 11, 12, 0]",6084.187495074788,284203500,13
ds_729_courier_1656,"[0, 13, 12, 6, 8, 11, 10, 2, 4, 3, 9, 7, 1, 5, 0]",12637.680173275172,287625300,13
ds_729_courier_3156,"[0, 10, 2, 1, 9, 7, 12, 6, 3, 4, 5, 13, 8, 11, 0]",9116.625057518504,259972600,13
ds_729_courier_487,"[0, 10, 9, 8, 4, 3, 1, 13, 2, 12, 7, 6, 5, 11, 0]",15605.748423908597,269870800,13
ds_731_courier_1656,"[0, 13, 12, 1, 10, 6, 9, 3, 8, 4, 11, 5, 2, 7, 0]",23137.706677344042,284839800,13
ds_803_courier_4474,"[0, 10, 12, 13, 8, 7, 4, 11, 9, 5, 3, 6, 1, 2, 0]",6064.997123834469,247636700,13
ds_803_courier_487,"[0, 7, 8, 5, 6, 11, 12, 1, 13, 4, 3, 2, 9, 10, 0]",16991.39785408095,280398700,13
ds_804_courier_3156,"[0, 2, 6, 3, 7, 4, 1, 11, 13, 8, 9, 12, 5, 10, 0]",9541.946975831637,276133800,13
ds_806_courier_1103,"[0, 11, 10, 6, 5, 3, 4, 8, 7, 9, 2, 1, 13, 12, 0]",16660.754192175165,281250600,13
ds_829_courier_487,"[0, 9, 10, 13, 7, 8, 1, 12, 6, 2, 3, 5, 4, 11, 0]",17844.740374137375,253112100,13
ds_830_courier_487,"[0, 8, 5, 6, 4, 7, 2, 9, 1, 3, 10, 13, 12, 11, 0]",14948.248391714114,293552700,13
ds_903_courier_4474,"[0, 12, 1, 2, 3, 11, 9, 10, 8, 6, 7, 5, 4, 13, 0]",6772.143577928322,289161000,13
ds_909_courier_1656,"[0, 1, 13, 3, 2, 12, 11, 9, 4, 5, 8, 7, 10, 6, 0]",18398.380955415014,243559100,13
ds_910_courier_1656,"[0, 13, 11, 12, 9, 6, 10, 2, 8, 7, 1, 3, 4, 5, 0]",17485.490824582856,276285500,13
ds_910_courier_4849,"[0, 13, 9, 10, 11, 12, 6, 4, 5, 1, 2, 7, 3, 8, 0]",9440.29853641503,280957700,13
ds_913_courier_435,"[0, 6, 2, 5, 7, 4, 12, 11, 10, 1, 13, 8, 3, 9, 0]",5265.312409568098,278280900,13
ds_914_courier_1656,"[0, 5, 9, 7, 3, 10, 2, 12, 1, 8, 6, 11, 4, 13, 0]",23160.79746483709,244481300,13
ds_915_courier_949,"[0, 3, 8, 12, 11, 9, 10, 1, 2, 13, 4, 5, 7, 6, 0]",10266.94296415602,273747000,13
ds_917_courier_487,"[0, 3, 4, 5, 6, 9, 10, 2, 7, 13, 8, 1, 12, 11, 0]",14740.07628528969,285503600,13
ds_925_courier_1656,"[0, 12, 7, 6, 9, 1, 10, 2, 3, 5, 4, 11, 8, 13, 0]",9009.967674911872,254297100,13
ds_929_courier_1656,"[0, 1, 7, 6, 8, 3, 13, 10, 9, 11, 4, 5, 12, 2, 0]",23635.541324353053,274677300,13
ds_1001_courier_1656,"[0, 1, 2, 8, 5, 10, 13, 4, 12, 9, 7, 11, 6, 3, 14, 0]",17168.504767093767,653730900,14
ds_1003_courier_1520,"[0, 9, 2, 3, 12, 4, 11, 5, 13, 10, 8, 14, 6, 7, 1, 0]",5879.756293344919,654785500,14
ds_1004_courier_1520,"[0, 13, 9, 2, 3, 14, 10, 1, 4, 5, 11, 6, 7, 12, 8, 0]",6295.459253829194,640653400,14
ds_1008_courier_1558,"[0, 10, 7, 1, 12, 8, 5, 2, 4, 13, 9, 11, 3, 6, 14, 0]",1281.681465755878,680724100,14
ds_1015_courier_1520,"[0, 1, 11, 6, 12, 14, 5, 4, 8, 13, 3, 10, 9, 2, 7, 0]",6230.133616425921,642378000,14
ds_1017_courier_1558,"[0, 6, 2, 14, 8, 11, 5, 10, 4, 3, 9, 13, 12, 7, 1, 0]",168.15711100933814,695943900,14
ds_519_courier_3156,"[0, 3, 9, 2, 10, 13, 1, 7, 4, 11, 8, 12, 14, 5, 6, 0]",9735.065839997249,671760800,14
ds_522_courier_1656,"[0, 14, 13, 1, 12, 11, 10, 9, 8, 6, 4, 5, 7, 2, 3, 0]",9433.689937068832,686407800,14
ds_524_courier_435,"[0, 7, 9, 8, 1, 6, 2, 5, 4, 3, 11, 12, 10, 14, 13, 0]",5880.150396229165,654601400,14
ds_531_courier_75,"[0, 14, 10, 8, 9, 6, 7, 3, 2, 5, 4, 11, 12, 13, 1, 0]",5789.697828877059,694453300,14
ds_603_courier_1177,"[0, 4, 11, 6, 10, 2, 1, 9, 7, 5, 8, 14, 13, 3, 12, 0]",10635.279684113773,666467700,14
ds_606_courier_3073,"[0, 2, 12, 6, 7, 3, 11, 1, 9, 5, 10, 4, 13, 14, 8, 0]",5533.1631778591445,662229400,14
ds_609_courier_487,"[0, 11, 9, 10, 12, 13, 8, 6, 7, 1, 14, 2, 4, 3, 5, 0]",15503.631268265082,686531100,14
ds_613_courier_487,"[0, 13, 6, 7, 8, 9, 10, 11, 3, 2, 1, 4, 5, 12, 14, 0]",14643.477020922768,713593300,14
ds_614_courier_1656,"[0, 2, 14, 11, 1, 10, 12, 9, 7, 8, 6, 3, 4, 5, 13, 0]",10162.459724573999,682570900,14
ds_618_courier_4474,"[0, 10, 13, 12, 14, 11, 8, 7, 9, 6, 4, 5, 2, 1, 3, 0]",6743.5846861949885,692945100,14
ds_619_courier_638,"[0, 11, 12, 13, 14, 10, 8, 9, 7, 6, 4, 5, 3, 2, 1, 0]",5879.079829998215,672687000,14
ds_629_courier_4474,"[0, 2, 1, 4, 7, 5, 6, 3, 9, 10, 14, 13, 11, 8, 12, 0]",7474.7611160542865,701879700,14
ds_709_courier_2925,"[0, 13, 8, 14, 3, 10, 4, 9, 12, 11, 5, 6, 1, 2, 7, 0]",10090.63783547476,666421800,14
ds_709_courier_4849,"[0, 1, 6, 7, 4, 10, 14, 5, 11, 12, 13, 9, 3, 8, 2, 0]",8405.716615401128,678555500,14
ds_709_courier_949,"[0, 4, 3, 2, 5, 1, 8, 9, 14, 12, 11, 13, 7, 6, 10, 0]",10196.801078822098,642004200,14
ds_713_courier_4849,"[0, 7, 10, 11, 4, 14, 2, 5, 3, 1, 12, 6, 13, 8, 9, 0]",9252.227325993024,703666500,14
ds_713_courier_75,"[0, 9, 13, 10, 14, 11, 2, 3, 4, 5, 7, 8, 1, 6, 12, 0]",12211.714486161338,664730000,14
ds_715_courier_1656,"[0, 2, 12, 8, 14, 4, 6, 5, 1, 13, 9, 10, 7, 11, 3, 0]",26136.71016748425,653547300,14
ds_715_courier_949,"[0, 2, 6, 7, 5, 1, 14, 13, 4, 3, 10, 11, 12, 9, 8, 0]",9783.97063077944,633223600,14
ds_716_courier_2925,"[0, 7, 11, 14, 4, 3, 6, 9, 12, 1, 2, 8, 10, 5, 13, 0]",12054.802161055282,686595100,14
ds_716_courier_949,"[0, 6, 4, 3, 2, 5, 9, 7, 8, 1, 13, 11, 10, 12, 14, 0]",9815.091957752375,671257200,14
ds_718_courier_3156,"[0, 10, 3, 4, 11, 1, 6, 5, 14, 13, 8, 7, 2, 9, 12, 0]",9418.184873732771,681187900,14
ds_720_courier_4474,"[0, 2, 1, 11, 12, 13, 3, 4, 6, 5, 7, 10, 9, 8, 14, 0]",6950.981460075993,659115700,14
ds_721_courier_435,"[0, 7, 14, 8, 9, 10, 11, 13, 4, 12, 5, 6, 1, 2, 3, 0]",6027.546497571319,697965300,14
ds_729_courier_949,"[0, 5, 4, 3, 14, 2, 12, 1, 8, 6, 11, 7, 10, 9, 13, 0]",9659.662241785596,675827000,14
ds_805_courier_2925,"[0, 2, 6, 12, 13, 11, 14, 10, 9, 7, 5, 4, 8, 1, 3, 0]",13324.431236336395,660862300,14
ds_806_courier_4849,"[0, 6, 11, 1, 10, 5, 12, 13, 14, 4, 3, 9, 2, 8, 7, 0]",8738.34771353233,654919400,14
ds_816_courier_2925,"[0, 4, 11, 2, 8, 10, 7, 1, 3, 6, 13, 9, 5, 14, 12, 0]",10792.171720159511,700829500,14
ds_817_courier_949,"[0, 9, 14, 10, 11, 12, 8, 2, 3, 4, 5, 6, 7, 1, 13, 0]",9641.323192064523,680023600,14
ds_818_courier_2925,"[0, 3, 1, 7, 11, 2, 6, 12, 5, 8, 4, 9, 14, 10, 13, 0]",10317.618149976952,661870700,14
ds_819_courier_3156,"[0, 2, 7, 6, 8, 1, 5, 12, 10, 4, 11, 14, 3, 9, 13, 0]",9784.444506016378,664086800,14
ds_904_courier_487,"[0, 9, 8, 1, 6, 7, 5, 2, 3, 4, 11, 12, 13, 10, 14, 0]",21889.200976063228,650172700,14
ds_905_courier_1656,"[0, 6, 11, 12, 1, 13, 8, 10, 9, 7, 3, 5, 2, 14, 4, 0]",25155.432670758484,690662600,14
ds_917_courier_435,"[0, 11, 4, 5, 3, 7, 2, 6, 14, 12, 8, 13, 9, 1, 10, 0]",5770.854007966714,664382300,14
ds_918_courier_435,"[0, 2, 8, 5, 6, 3, 13, 12, 14, 7, 9, 1, 4, 10, 11, 0]",5346.548107521401,660952500,14
ds_921_courier_290,"[0, 13, 6, 12, 5, 7, 11, 10, 8, 9, 1, 4, 3, 2, 14, 0]",11276.587106276605,650231400,14
ds_927_courier_487,"[0, 2, 3, 1, 5, 4, 11, 12, 6, 13, 14, 10, 9, 8, 7, 0]",16289.771059962299,698436900,14
ds_930_courier_290,"[0, 13, 5, 4, 7, 9, 12, 11, 1, 10, 3, 6, 8, 2, 14, 0]",8666.253002637724,669101400,14
ds_930_courier_487,"[0, 12, 9, 8, 10, 11, 13, 1, 14, 2, 4, 3, 5, 6, 7, 0]",15814.126768499966,656350700,14
ds_1007_courier_1520,"[0, 1, 2, 15, 6, 10, 11, 14, 9, 13, 7, 8, 12, 5, 4, 3, 0]",6780.921445991016,1565887500,15
ds_1012_courier_1520,"[0, 6, 2, 1, 7, 15, 11, 10, 14, 4, 5, 9, 13, 8, 12, 3, 0]",5996.430516016454,1495493700,15
ds_1013_courier_1558,"[0, 8, 2, 1, 3, 11, 7, 5, 10, 6, 4, 9, 12, 15, 13, 14, 0]",1327.5947006524586,1608614700,15
ds_516_courier_1103,"[0, 6, 9, 15, 4, 3, 5, 2, 1, 7, 8, 10, 13, 14, 12, 11, 0]",17335.79256697366,1617717600,15
ds_521_courier_4849,"[0, 7, 15, 10, 9, 14, 12, 5, 1, 2, 3, 11, 6, 4, 8, 13, 0]",9465.959497016293,1642675500,15
ds_528_courier_435,"[0, 14, 4, 2, 1, 5, 3, 13, 7, 9, 12, 11, 10, 8, 6, 15, 0]",4355.34874879454,1505343300,15
ds_604_courier_4849,"[0, 13, 14, 15, 12, 10, 9, 7, 6, 4, 3, 8, 1, 11, 5, 2, 0]",9163.237141895734,1580768800,15
ds_607_courier_2208,"[0, 15, 2, 4, 11, 6, 7, 1, 13, 3, 5, 14, 8, 9, 12, 10, 0]",7076.346342577068,1679365400,15
ds_608_courier_487,"[0, 5, 6, 8, 7, 9, 11, 10, 15, 12, 1, 13, 4, 2, 3, 14, 0]",15347.265674312552,1539460600,15
ds_629_courier_2925,"[0, 3, 4, 6, 5, 2, 12, 14, 7, 1, 10, 15, 9, 11, 13, 8, 0]",11184.0511790612,1548912200,15
ds_702_courier_2925,"[0, 2, 1, 6, 15, 12, 3, 9, 13, 14, 4, 5, 7, 11, 8, 10, 0]",10994.017284597061,1607905500,15
ds_703_courier_638,"[0, 1, 8, 9, 7, 14, 10, 15, 6, 2, 11, 12, 13, 4, 3, 5, 0]",20053.336878745416,1562040300,15
ds_704_courier_2925,"[0, 9, 4, 7, 13, 3, 1, 2, 14, 11, 5, 6, 15, 8, 12, 10, 0]",10681.490822357118,1612108300,15
ds_705_courier_435,"[0, 3, 8, 10, 11, 14, 1, 2, 7, 5, 6, 12, 9, 15, 4, 13, 0]",6352.250528424938,1631380600,15
ds_707_courier_949,"[0, 2, 3, 1, 13, 14, 11, 12, 9, 8, 5, 6, 7, 4, 10, 15, 0]",9309.578409470985,1574598800,15
ds_708_courier_2925,"[0, 1, 2, 5, 9, 13, 6, 15, 3, 7, 14, 4, 8, 10, 12, 11, 0]",10899.495493818496,1538139800,15
ds_708_courier_949,"[0, 14, 8, 9, 10, 11, 12, 13, 3, 4, 5, 6, 15, 7, 1, 2, 0]",10030.882522088355,1626867500,15
ds_710_courier_949,"[0, 8, 6, 7, 4, 5, 9, 3, 1, 2, 13, 12, 11, 10, 14, 15, 0]",9881.948721734394,1554047800,15
ds_714_courier_2925,"[0, 6, 2, 7, 14, 1, 13, 8, 4, 10, 11, 12, 15, 3, 5, 9, 0]",15486.524057387816,1611784200,15
ds_714_courier_949,"[0, 12, 13, 9, 11, 10, 8, 5, 7, 14, 15, 1, 2, 3, 6, 4, 0]",9831.814810209165,1616101800,15
ds_715_courier_4474,"[0, 7, 9, 8, 11, 6, 13, 14, 10, 3, 5, 12, 4, 1, 2, 15, 0]",8126.736732518296,1479977300,15
ds_731_courier_949,"[0, 5, 8, 7, 6, 15, 4, 13, 3, 2, 1, 12, 11, 9, 10, 14, 0]",10137.019016110542,1679103600,15
ds_802_courier_4474,"[0, 3, 2, 1, 13, 12, 11, 15, 14, 10, 5, 6, 7, 9, 8, 4, 0]",6961.740117085074,1514400900,15
ds_803_courier_3156,"[0, 13, 9, 14, 4, 7, 8, 3, 11, 2, 12, 10, 1, 6, 5, 15, 0]",9472.798174924783,1583413500,15
ds_809_courier_3156,"[0, 13, 6, 12, 11, 4, 7, 5, 10, 3, 2, 9, 1, 15, 8, 14, 0]",9503.192479567304,1650382100,15
ds_812_courier_3156,"[0, 1, 2, 3, 12, 11, 6, 8, 4, 13, 9, 10, 5, 14, 7, 15, 0]",9794.61875631991,1605855600,15
ds_814_courier_435,"[0, 9, 1, 10, 7, 2, 3, 12, 11, 5, 8, 14, 13, 4, 6, 15, 0]",6125.618276190134,1610178400,15
ds_816_courier_1656,"[0, 9, 3, 1, 5, 10, 4, 2, 13, 12, 14, 6, 11, 8, 7, 15, 0]",13287.870140473633,1507263400,15
ds_816_courier_3156,"[0, 13, 14, 12, 7, 4, 3, 6, 11, 5, 1, 15, 10, 2, 9, 8, 0]",8899.120748817035,1587824400,15
ds_816_courier_949,"[0, 3, 2, 1, 10, 9, 8, 15, 7, 6, 5, 4, 14, 13, 12, 11, 0]",10100.277986730198,1674557300,15
ds_821_courier_435,"[0, 15, 8, 9, 14, 7, 2, 3, 5, 11, 12, 6, 4, 10, 1, 13, 0]",5909.239253593671,1527315100,15
ds_822_courier_487,"[0, 8, 5, 4, 3, 7, 6, 1, 2, 15, 13, 14, 12, 11, 10, 9, 0]",15514.43921745268,1567822600,15
ds_825_courier_4474,"[0, 6, 3, 5, 15, 14, 13, 2, 4, 10, 1, 11, 12, 8, 7, 9, 0]",6478.329269825777,1605249600,15
ds_830_courier_435,"[0, 1, 15, 7, 9, 6, 8, 4, 13, 2, 14, 3, 10, 11, 5, 12, 0]",5004.219091730437,1594673600,15
ds_901_courier_435,"[0, 7, 5, 9, 6, 4, 13, 15, 14, 3, 2, 8, 12, 10, 11, 1, 0]",8853.327207155158,1535240500,15
ds_902_courier_487,"[0, 10, 8, 9, 13, 1, 15, 7, 14, 3, 2, 6, 4, 5, 12, 11, 0]",16011.029416694872,1604049400,15
ds_904_courier_435,"[0, 6, 1, 14, 13, 12, 15, 11, 10, 8, 9, 4, 7, 3, 5, 2, 0]",5660.565032385874,1569400800,15
ds_906_courier_487,"[0, 11, 9, 10, 1, 8, 6, 7, 4, 3, 2, 15, 5, 14, 13, 12, 0]",14955.106306796686,1547001700,15
ds_907_courier_2925,"[0, 6, 10, 15, 4, 12, 11, 3, 2, 13, 14, 8, 9, 5, 1, 7, 0]",10984.1697603807,1618340500,15
ds_908_courier_435,"[0, 2, 1, 10, 9, 12, 13, 11, 15, 14, 3, 4, 7, 6, 8, 5, 0]",6042.984155364869,1578954300,15
ds_911_courier_2925,"[0, 13, 1, 10, 14, 8, 4, 7, 3, 15, 9, 11, 2, 5, 6, 12, 0]",11980.143613764116,1618713200,15
ds_912_courier_487,"[0, 14, 3, 1, 2, 4, 15, 5, 6, 7, 8, 11, 9, 10, 12, 13, 0]",16455.14601109766,1604201500,15
ds_914_courier_290,"[0, 1, 15, 2, 3, 4, 5, 6, 12, 8, 9, 10, 11, 7, 14, 13, 0]",9651.010665422235,1487632500,15
ds_914_courier_2925,"[0, 4, 7, 10, 5, 3, 13, 12, 11, 2, 8, 6, 1, 14, 9, 15, 0]",14078.255310425347,1654459200,15
ds_915_courier_487,"[0, 9, 10, 11, 13, 12, 15, 1, 14, 7, 8, 6, 3, 4, 5, 2, 0]",15650.631746718234,1502019300,15
ds_919_courier_2925,"[0, 7, 14, 9, 10, 11, 12, 6, 5, 3, 2, 13, 4, 15, 1, 8, 0]",11215.442347662967,1548521500,15
ds_920_courier_290,"[0, 13, 12, 11, 10, 9, 7, 5, 4, 6, 3, 8, 15, 2, 1, 14, 0]",9571.390896991494,1580001400,15
ds_920_courier_435,"[0, 8, 4, 11, 3, 6, 12, 14, 2, 10, 1, 5, 9, 13, 15, 7, 0]",5274.955519712597,1546285700,15
ds_930_courier_435,"[0, 5, 6, 15, 7, 3, 11, 8, 10, 4, 2, 14, 1, 9, 12, 13, 0]",9024.11706202451,1587483300,15
ds_1002_courier_1520,"[0, 1, 5, 2, 14, 13, 12, 3, 11, 10, 6, 4, 15, 7, 8, 16, 9, 0]",6958.392678265679,3330803900,16
ds_1002_courier_75,"[0, 5, 16, 7, 8, 9, 10, 11, 15, 3, 2, 1, 12, 14, 13, 6, 4, 0]",10853.938687809896,3657655200,16
ds_1004_courier_1558,"[0, 15, 7, 6, 12, 14, 3, 11, 2, 16, 5, 13, 1, 9, 8, 4, 10, 0]",1277.036221813187,3485024200,16
ds_1007_courier_1558,"[0, 1, 5, 6, 9, 10, 2, 7, 3, 16, 15, 13, 12, 8, 11, 14, 4, 0]",6129.424855166048,3491390000,16
ds_1008_courier_1520,"[0, 10, 5, 13, 12, 9, 16, 11, 15, 4, 8, 7, 1, 6, 2, 3, 14, 0]",6156.930310253459,3653678700,16
ds_1014_courier_1558,"[0, 11, 8, 12, 4, 2, 13, 16, 9, 7, 1, 14, 10, 6, 5, 3, 15, 0]",1295.2374804440872,3597953100,16
ds_603_courier_435,"[0, 1, 16, 3, 4, 10, 9, 12, 8, 6, 2, 11, 13, 7, 5, 15, 14, 0]",3512.952079507621,3562931600,16
ds_603_courier_979,"[0, 10, 9, 7, 6, 8, 11, 4, 5, 12, 3, 15, 13, 2, 14, 1, 16, 0]",6347.791214450199,3701049400,16
ds_607_courier_2925,"[0, 14, 10, 9, 16, 1, 2, 6, 4, 3, 8, 7, 5, 11, 15, 12, 13, 0]",11063.690828131115,3495443000,16
ds_609_courier_161,"[0, 10, 8, 3, 14, 15, 13, 16, 6, 7, 1, 2, 4, 5, 12, 11, 9, 0]",25014.720855845124,3744939700,16
ds_612_courier_435,"[0, 4, 12, 14, 13, 9, 10, 15, 11, 16, 3, 7, 2, 8, 5, 1, 6, 0]",5825.640926561151,3447489500,16
ds_614_courier_435,"[0, 16, 10, 9, 15, 11, 12, 13, 14, 4, 2, 3, 5, 1, 8, 7, 6, 0]",5529.683393007791,3577863200,16
ds_615_courier_75,"[0, 10, 5, 11, 15, 14, 12, 13, 6, 7, 16, 2, 9, 8, 3, 4, 1, 0]",12582.99978071558,3711511000,16
ds_618_courier_1087,"[0, 2, 5, 4, 3, 1, 7, 9, 8, 10, 11, 6, 14, 15, 12, 16, 13, 0]",8222.292857162094,3627217800,16
ds_618_courier_2208,"[0, 1, 8, 9, 5, 15, 11, 6, 14, 3, 13, 10, 4, 16, 2, 7, 12, 0]",5169.29294313218,3574850000,16
ds_618_courier_4114,"[0, 4, 6, 11, 12, 13, 5, 9, 3, 15, 1, 2, 10, 16, 7, 14, 8, 0]",6129.789565084945,3646169400,16
ds_629_courier_3156,"[0, 5, 10, 3, 13, 1, 8, 11, 4, 12, 2, 16, 9, 14, 15, 7, 6, 0]",10528.915864692775,3550816700,16
ds_629_courier_487,"[0, 7, 8, 6, 1, 5, 3, 14, 4, 16, 15, 13, 12, 2, 11, 9, 10, 0]",16685.281235918734,3698146400,16
ds_701_courier_75,"[0, 9, 10, 16, 12, 13, 14, 6, 7, 8, 3, 2, 1, 5, 15, 4, 11, 0]",12768.001788937245,3692965500,16
ds_708_courier_1103,"[0, 9, 13, 14, 11, 12, 15, 10, 5, 1, 7, 8, 6, 4, 3, 2, 16, 0]",16346.33590630737,3457285300,16
ds_710_courier_1103,"[0, 11, 12, 13, 14, 15, 3, 2, 4, 7, 6, 5, 8, 9, 1, 10, 16, 0]",16612.45298440994,3692957700,16
ds_710_courier_4849,"[0, 2, 5, 1, 6, 3, 8, 9, 15, 16, 10, 11, 14, 7, 4, 12, 13, 0]",10765.728410322085,3510702100,16
ds_712_courier_1103,"[0, 13, 15, 14, 3, 12, 2, 1, 5, 4, 6, 11, 8, 9, 10, 7, 16, 0]",13356.783457863576,3515127200,16
ds_718_courier_949,"[0, 6, 5, 4, 3, 2, 1, 7, 15, 13, 14, 10, 9, 11, 12, 16, 8, 0]",9557.209587224224,3677166100,16
ds_719_courier_4474,"[0, 13, 10, 11, 1, 14, 12, 15, 5, 4, 6, 8, 2, 9, 3, 7, 16, 0]",7868.248666191115,3635514700,16
ds_719_courier_638,"[0, 1, 9, 16, 11, 12, 3, 5, 4, 15, 7, 8, 2, 10, 13, 6, 14, 0]",20075.292306299416,3559175400,16
ds_721_courier_4474,"[0, 5, 6, 2, 3, 4, 7, 13, 8, 1, 16, 12, 14, 15, 9, 10, 11, 0]",7501.088363281001,3605803700,16
ds_724_courier_2925,"[0, 1, 10, 7, 5, 14, 9, 11, 12, 15, 13, 8, 3, 6, 16, 2, 4, 0]",10208.378381784201,3483788500,16
ds_724_courier_949,"[0, 4, 5, 8, 2, 16, 10, 9, 11, 12, 13, 14, 15, 3, 6, 1, 7, 0]",9850.93375596477,3596609500,16
ds_729_courier_2925,"[0, 5, 16, 13, 7, 14, 6, 4, 8, 10, 12, 11, 2, 3, 15, 1, 9, 0]",11645.343291800278,3688016900,16
ds_801_courier_4474,"[0, 6, 7, 4, 8, 10, 9, 12, 13, 16, 14, 11, 15, 5, 2, 3, 1, 0]",7125.874942062446,3522487500,16
ds_801_courier_638,"[0, 7, 6, 10, 9, 1, 2, 11, 5, 4, 3, 12, 14, 13, 16, 8, 15, 0]",5497.185369328645,3687808900,16
ds_804_courier_2665,"[0, 1, 6, 4, 2, 3, 5, 8, 9, 10, 7, 13, 15, 14, 12, 16, 11, 0]",5302.801786949218,3479060800,16
ds_805_courier_2665,"[0, 5, 6, 7, 14, 11, 12, 8, 15, 16, 2, 3, 9, 10, 13, 4, 1, 0]",6239.6361446333785,3620225600,16
ds_806_courier_949,"[0, 5, 4, 11, 12, 8, 13, 14, 15, 9, 10, 7, 2, 3, 1, 6, 16, 0]",9844.331777766085,3447949800,16
ds_807_courier_1103,"[0, 4, 3, 5, 9, 6, 7, 8, 1, 2, 11, 14, 13, 16, 10, 12, 15, 0]",10458.557828695268,3673844600,16
ds_810_courier_1656,"[0, 2, 16, 3, 5, 14, 10, 7, 9, 11, 12, 1, 6, 4, 8, 13, 15, 0]",15043.336585719599,3544952200,16
ds_812_courier_1656,"[0, 8, 1, 5, 15, 14, 10, 2, 6, 9, 7, 11, 4, 3, 12, 13, 16, 0]",12391.52236350016,3500912800,16
ds_818_courier_435,"[0, 15, 14, 1, 12, 2, 8, 11, 10, 7, 5, 9, 6, 3, 4, 13, 16, 0]",7173.024424231631,3564719600,16
ds_820_courier_435,"[0, 3, 11, 1, 8, 16, 9, 2, 14, 15, 4, 10, 6, 12, 5, 13, 7, 0]",5786.781574714258,3563470500,16
ds_821_courier_2925,"[0, 3, 6, 16, 12, 4, 13, 5, 15, 2, 14, 1, 9, 8, 10, 7, 11, 0]",11272.741098319857,3523093300,16
ds_829_courier_2925,"[0, 1, 3, 14, 11, 9, 8, 10, 13, 12, 7, 5, 6, 2, 16, 15, 4, 0]",10374.30263042734,3681114500,16
ds_903_courier_2925,"[0, 6, 15, 9, 12, 7, 4, 16, 10, 5, 3, 2, 14, 8, 1, 13, 11, 0]",14511.094074514403,3485116800,16
ds_905_courier_435,"[0, 2, 1, 3, 9, 8, 6, 5, 7, 4, 10, 15, 12, 16, 11, 13, 14, 0]",5583.767830253616,3738385800,16
ds_908_courier_75,"[0, 15, 16, 12, 2, 5, 1, 4, 3, 7, 6, 14, 8, 9, 10, 11, 13, 0]",10408.117411098445,3460913200,16
ds_916_courier_2925,"[0, 2, 11, 9, 7, 6, 16, 12, 8, 3, 1, 5, 15, 13, 14, 10, 4, 0]",11026.48846592151,3508937700,16
ds_921_courier_487,"[0, 11, 3, 1, 2, 4, 5, 6, 16, 13, 12, 9, 10, 7, 8, 14, 15, 0]",15997.282379697357,3638101300,16
ds_922_courier_2925,"[0, 4, 10, 9, 16, 8, 15, 12, 5, 3, 6, 7, 2, 14, 1, 13, 11, 0]",10550.239693870304,3573502100,16
ds_923_courier_435,"[0, 9, 1, 13, 4, 10, 6, 8, 3, 12, 7, 11, 2, 16, 14, 5, 15, 0]",6172.468443675732,3466072700,16
ds_923_courier_487,"[0, 11, 10, 15, 9, 8, 14, 7, 6, 4, 5, 16, 2, 3, 1, 13, 12, 0]",15045.75412329215,3641740300,16
ds_924_courier_290,"[0, 6, 13, 8, 1, 9, 4, 11, 15, 12, 5, 14, 3, 2, 7, 10, 16, 0]",9876.52168212775,3474045400,16
ds_1001_courier_4474,"[0, 15, 7, 2, 6, 5, 17, 13, 14, 16, 1, 3, 4, 11, 8, 12, 9, 10, 0]",7751.929819883811,7894098400,17
ds_1005_courier_1656,"[0, 7, 9, 2, 10, 4, 3, 16, 15, 13, 14, 12, 6, 8, 5, 17, 1, 11, 0]",11738.644392388278,8176035200,17
ds_1014_courier_1520,"[0, 12, 15, 14, 5, 13, 17, 10, 16, 4, 11, 8, 9, 3, 2, 7, 6, 1, 0]",6698.701959896848,7777994000,17
ds_518_courier_949,"[0, 1, 16, 11, 13, 9, 10, 14, 17, 12, 15, 8, 3, 4, 2, 7, 5, 6, 0]",9957.972373923176,8282902800,17
ds_521_courier_949,"[0, 1, 5, 4, 3, 2, 6, 7, 13, 10, 9, 8, 12, 11, 14, 17, 15, 16, 0]",10284.842745369271,7731773200,17
ds_601_courier_1103,"[0, 12, 5, 6, 4, 3, 1, 2, 13, 16, 17, 8, 11, 9, 10, 7, 15, 14, 0]",9718.246925022775,8192975900,17
ds_610_courier_2925,"[0, 10, 3, 8, 7, 2, 9, 11, 6, 17, 12, 15, 16, 14, 1, 5, 4, 13, 0]",10652.19564537482,8258004100,17
ds_619_courier_2925,"[0, 15, 11, 16, 10, 1, 7, 8, 5, 14, 12, 3, 4, 6, 9, 2, 13, 17, 0]",10239.858843720507,7994978900,17
ds_705_courier_2925,"[0, 3, 8, 10, 14, 11, 1, 12, 6, 16, 2, 9, 5, 15, 17, 4, 7, 13, 0]",10767.761161578084,7951470600,17
ds_706_courier_1103,"[0, 15, 11, 14, 12, 13, 2, 1, 6, 8, 7, 3, 4, 5, 10, 9, 16, 17, 0]",12590.64935954042,8208410100,17
ds_706_courier_435,"[0, 16, 12, 11, 10, 7, 6, 15, 8, 5, 4, 14, 1, 9, 13, 3, 2, 17, 0]",5763.81301334084,8068738900,17
ds_709_courier_435,"[0, 11, 14, 7, 13, 6, 5, 8, 15, 2, 10, 1, 9, 3, 12, 4, 16, 17, 0]",5959.165941715956,8076873700,17
ds_711_courier_75,"[0, 13, 14, 15, 7, 10, 11, 12, 3, 2, 4, 1, 5, 8, 6, 9, 17, 16, 0]",12875.509706952698,8286266300,17
ds_712_courier_4849,"[0, 1, 2, 4, 3, 14, 16, 7, 11, 10, 9, 13, 12, 8, 5, 6, 15, 17, 0]",11448.826763023371,8105110400,17
ds_722_courier_638,"[0, 14, 15, 9, 5, 17, 11, 16, 2, 13, 6, 3, 10, 12, 1, 8, 7, 4, 0]",19690.15092375249,7962640100,17
ds_722_courier_949,"[0, 5, 6, 2, 4, 3, 1, 9, 10, 17, 8, 7, 11, 14, 13, 12, 16, 15, 0]",10471.719928474835,8541231400,17
ds_728_courier_949,"[0, 3, 1, 13, 14, 16, 17, 15, 7, 8, 9, 10, 11, 12, 2, 4, 5, 6, 0]",10868.945238538092,9403185800,17
ds_730_courier_1656,"[0, 15, 10, 11, 12, 7, 2, 1, 9, 3, 5, 4, 8, 14, 6, 16, 17, 13, 0]",23195.275473556125,14601458600,17
ds_803_courier_638,"[0, 11, 1, 16, 17, 2, 3, 10, 13, 14, 15, 8, 7, 9, 6, 5, 12, 4, 0]",5974.918867179618,15036278100,17
ds_806_courier_2665,"[0, 1, 2, 7, 10, 6, 9, 8, 5, 4, 3, 14, 12, 15, 16, 13, 11, 17, 0]",6891.55640078787,14834892900,17
ds_808_courier_435,"[0, 10, 13, 11, 9, 4, 3, 12, 2, 16, 5, 15, 17, 6, 7, 8, 14, 1, 0]",6110.678396300758,14758224700,17
ds_811_courier_3156,"[0, 11, 10, 1, 12, 7, 2, 13, 3, 14, 8, 15, 4, 5, 9, 6, 17, 16, 0]",9275.467752424953,15514441300,17
ds_814_courier_3156,"[0, 9, 15, 3, 12, 13, 4, 5, 16, 7, 1, 2, 8, 10, 17, 6, 11, 14, 0]",10043.041215811143,14275617500,17
ds_814_courier_487,"[0, 12, 11, 13, 5, 10, 4, 3, 1, 2, 8, 7, 6, 9, 16, 17, 14, 15, 0]",18218.615428889832,14686050800,17
ds_815_courier_2665,"[0, 1, 2, 11, 13, 14, 15, 3, 16, 17, 12, 4, 5, 8, 9, 10, 7, 6, 0]",6586.801241742989,15594492300,17
ds_815_courier_949,"[0, 4, 3, 2, 17, 9, 8, 13, 1, 5, 6, 7, 12, 10, 11, 14, 16, 15, 0]",9742.784608098036,14242400100,17
ds_817_courier_435,"[0, 6, 10, 2, 11, 12, 15, 17, 1, 13, 4, 9, 7, 8, 16, 5, 3, 14, 0]",5604.430313454619,14655263500,17
ds_818_courier_4474,"[0, 5, 8, 6, 7, 17, 9, 14, 10, 12, 11, 15, 2, 13, 1, 4, 3, 16, 0]",8230.747498539735,15432704900,17
ds_819_courier_435,"[0, 7, 12, 10, 5, 13, 17, 8, 11, 2, 16, 6, 3, 15, 14, 4, 9, 1, 0]",6417.304155512062,14213836900,17
ds_823_courier_2925,"[0, 8, 5, 14, 3, 11, 1, 7, 17, 13, 10, 6, 4, 12, 2, 9, 15, 16, 0]",11156.953563854444,14647279900,17
ds_903_courier_75,"[0, 12, 14, 6, 7, 5, 15, 16, 9, 8, 17, 11, 10, 1, 13, 2, 3, 4, 0]",11931.200429579789,15471085400,17
ds_904_courier_949,"[0, 4, 3, 1, 16, 8, 12, 15, 14, 13, 9, 10, 11, 6, 7, 17, 2, 5, 0]",10313.238057647073,14486406400,17
ds_909_courier_2925,"[0, 17, 6, 14, 4, 5, 1, 13, 9, 10, 7, 15, 3, 12, 8, 2, 11, 16, 0]",11582.585079414934,14553661400,17
ds_910_courier_2925,"[0, 7, 6, 2, 8, 3, 9, 4, 5, 10, 13, 16, 11, 17, 15, 1, 12, 14, 0]",10419.905092405124,15612500500,17
ds_910_courier_75,"[0, 11, 2, 13, 5, 3, 4, 1, 9, 8, 6, 7, 14, 15, 12, 17, 10, 16, 0]",13139.016536723871,14414232500,17
ds_912_courier_2925,"[0, 8, 12, 16, 13, 10, 4, 3, 6, 5, 7, 15, 1, 2, 11, 17, 14, 9, 0]",11398.617504070618,14613400800,17
ds_913_courier_949,"[0, 4, 3, 17, 2, 1, 9, 14, 13, 16, 8, 11, 7, 12, 6, 10, 15, 5, 0]",10209.349784041953,11448304900,17
ds_914_courier_435,"[0, 13, 7, 14, 5, 4, 11, 1, 9, 2, 8, 3, 10, 17, 6, 16, 15, 12, 0]",8549.698869696298,7869785400,17
ds_915_courier_2925,"[0, 12, 15, 13, 4, 7, 9, 17, 2, 14, 1, 6, 3, 8, 5, 16, 11, 10, 0]",10698.263895591292,8092310800,17
ds_921_courier_2925,"[0, 16, 14, 13, 9, 11, 10, 6, 4, 2, 12, 7, 5, 1, 3, 17, 15, 8, 0]",11315.910802768023,8598495100,17
ds_921_courier_435,"[0, 10, 1, 4, 7, 13, 8, 16, 17, 2, 14, 15, 6, 11, 3, 12, 5, 9, 0]",6376.744454270419,7961214800,17
ds_925_courier_2925,"[0, 15, 11, 8, 3, 9, 5, 1, 7, 12, 17, 14, 4, 10, 6, 2, 13, 16, 0]",10447.256550924936,8087991100,17
ds_930_courier_2688,"[0, 10, 16, 17, 12, 11, 6, 7, 2, 3, 1, 4, 8, 5, 14, 13, 15, 9, 0]",10746.169906388637,8363282200,17
ds_1001_courier_435,"[0, 6, 8, 1, 5, 4, 2, 13, 10, 11, 18, 14, 9, 12, 7, 3, 15, 17, 16, 0]",6136.837566898034,17190679700,18
ds_1001_courier_487,"[0, 13, 14, 15, 9, 10, 11, 12, 17, 8, 16, 3, 6, 5, 7, 4, 2, 1, 18, 0]",20139.959444325923,18884798500,18
ds_1002_courier_2398,"[0, 7, 6, 16, 11, 12, 17, 15, 13, 14, 2, 3, 8, 4, 5, 1, 9, 10, 18, 0]",8453.420559712184,18353527000,18
ds_1010_courier_1558,"[0, 17, 7, 1, 6, 2, 15, 16, 10, 3, 13, 12, 8, 18, 14, 4, 11, 5, 9, 0]",1311.7070979576467,17955860600,18
ds_529_courier_1656,"[0, 6, 2, 4, 13, 18, 7, 3, 17, 12, 1, 16, 5, 10, 14, 15, 8, 11, 9, 0]",9506.52220069503,18043188700,18
ds_608_courier_1177,"[0, 18, 11, 13, 9, 15, 14, 16, 12, 4, 5, 3, 2, 1, 7, 8, 10, 17, 6, 0]",11842.784723391529,18677486500,18
ds_608_courier_2618,"[0, 2, 17, 13, 15, 3, 10, 1, 4, 9, 6, 16, 14, 5, 8, 7, 12, 11, 18, 0]",5777.273249541938,17956946900,18
ds_613_courier_435,"[0, 2, 12, 4, 18, 16, 14, 15, 17, 13, 1, 7, 6, 11, 10, 3, 9, 5, 8, 0]",6167.376585437456,18626551400,18
ds_614_courier_2615,"[0, 18, 13, 12, 8, 7, 6, 16, 17, 9, 5, 4, 2, 1, 3, 11, 10, 14, 15, 0]",8156.931818131135,17791240900,18
ds_614_courier_75,"[0, 17, 15, 16, 10, 11, 7, 18, 9, 8, 13, 12, 1, 2, 4, 3, 5, 6, 14, 0]",12493.634331111987,18107174200,18
ds_615_courier_161,"[0, 11, 13, 18, 12, 10, 9, 7, 8, 6, 4, 5, 1, 2, 3, 17, 15, 16, 14, 0]",14893.170652728231,17816755500,18
ds_618_courier_2688,"[0, 14, 13, 5, 12, 8, 7, 16, 4, 10, 3, 1, 2, 18, 9, 17, 11, 6, 15, 0]",8783.306200296212,17598647100,18
ds_618_courier_4609,"[0, 4, 5, 14, 15, 2, 16, 6, 8, 7, 3, 10, 12, 11, 1, 9, 18, 13, 17, 0]",4646.397523428461,18711312900,18
ds_619_courier_1656,"[0, 1, 5, 7, 3, 14, 11, 18, 10, 16, 17, 6, 13, 12, 15, 8, 4, 9, 2, 0]",21585.491511476113,18271021300,18
ds_703_courier_2925,"[0, 10, 18, 15, 8, 14, 3, 4, 9, 6, 1, 16, 7, 2, 13, 12, 5, 17, 11, 0]",11348.90978215871,18825383000,18
ds_706_courier_4849,"[0, 14, 16, 18, 4, 1, 13, 12, 11, 10, 6, 9, 2, 5, 7, 8, 17, 3, 15, 0]",9955.24189347998,17377698500,18
ds_707_courier_4849,"[0, 6, 15, 13, 12, 17, 10, 11, 9, 8, 16, 1, 5, 4, 7, 3, 14, 2, 18, 0]",9504.71817627162,18300995500,18
ds_712_courier_75,"[0, 15, 7, 9, 8, 18, 11, 10, 12, 6, 4, 5, 13, 2, 3, 1, 16, 17, 14, 0]",12900.972918997184,17851822100,18
ds_719_courier_949,"[0, 1, 16, 2, 3, 15, 14, 12, 13, 6, 7, 8, 18, 17, 9, 10, 11, 4, 5, 0]",10113.523291155368,18475232800,18
ds_723_courier_4474,"[0, 2, 5, 6, 8, 1, 9, 10, 7, 11, 3, 4, 13, 12, 14, 17, 15, 16, 18, 0]",8461.661437443432,18053434200,18
ds_725_courier_2925,"[0, 18, 11, 7, 15, 1, 6, 16, 12, 5, 14, 17, 10, 2, 9, 3, 4, 8, 13, 0]",11060.467186532947,17957940200,18
ds_728_courier_4474,"[0, 10, 13, 14, 12, 11, 1, 7, 6, 8, 2, 4, 9, 5, 3, 16, 15, 17, 18, 0]",7962.153356484832,18008100400,18
ds_801_courier_3156,"[0, 13, 14, 3, 5, 4, 6, 8, 7, 15, 9, 1, 10, 2, 16, 11, 12, 17, 18, 0]",9578.129052535782,18230549400,18
ds_807_courier_2665,"[0, 1, 3, 13, 2, 8, 7, 6, 14, 17, 5, 10, 11, 12, 4, 9, 18, 15, 16, 0]",6270.434730581995,17430485500,18
ds_807_courier_2925,"[0, 11, 7, 5, 8, 2, 10, 9, 4, 17, 13, 14, 15, 12, 18, 16, 6, 1, 3, 0]",13584.670595466045,18511212200,18
ds_808_courier_949,"[0, 10, 16, 14, 8, 7, 11, 18, 9, 12, 3, 13, 4, 5, 15, 6, 2, 1, 17, 0]",10125.06503285361,17570008700,18
ds_810_courier_3156,"[0, 8, 9, 4, 5, 13, 12, 18, 10, 6, 3, 7, 15, 14, 1, 2, 11, 17, 16, 0]",10534.270083589254,18617561900,18
ds_813_courier_435,"[0, 11, 3, 16, 14, 8, 4, 5, 9, 12, 6, 17, 10, 15, 1, 13, 2, 7, 18, 0]",5044.100824633433,17786439000,18
ds_817_courier_4849,"[0, 15, 18, 16, 3, 12, 11, 14, 2, 1, 7, 6, 5, 4, 10, 13, 8, 9, 17, 0]",9085.711661328376,18652234600,18
ds_819_courier_2925,"[0, 9, 14, 18, 5, 10, 1, 4, 3, 13, 11, 8, 15, 6, 16, 7, 12, 17, 2, 0]",11472.701183516994,17879656500,18
ds_819_courier_4474,"[0, 1, 5, 3, 4, 18, 2, 11, 10, 7, 12, 9, 6, 8, 14, 16, 17, 13, 15, 0]",8939.485594388552,18438367100,18
ds_820_courier_949,"[0, 12, 11, 14, 17, 2, 1, 3, 5, 4, 16, 15, 7, 8, 18, 9, 10, 13, 6, 0]",9400.215602840784,18305248200,18
ds_822_courier_2925,"[0, 2, 7, 17, 9, 6, 3, 12, 15, 4, 5, 10, 11, 13, 1, 8, 14, 18, 16, 0]",11086.262742844141,17815406100,18
ds_824_courier_2925,"[0, 15, 7, 3, 11, 1, 18, 14, 13, 5, 6, 9, 16, 17, 2, 4, 10, 8, 12, 0]",11341.404483998833,18219939400,18
ds_830_courier_2925,"[0, 13, 12, 6, 7, 8, 4, 9, 14, 1, 2, 11, 17, 3, 5, 18, 10, 16, 15, 0]",10613.774930101079,18503738000,18
ds_903_courier_949,"[0, 15, 10, 11, 2, 1, 3, 6, 9, 8, 7, 18, 5, 4, 13, 12, 16, 14, 17, 0]",10016.451490837473,17754065500,18
ds_904_courier_1520,"[0, 16, 13, 18, 7, 8, 6, 5, 12, 9, 3, 17, 4, 11, 1, 10, 2, 15, 14, 0]",6647.788257793001,18586695700,18
ds_904_courier_2925,"[0, 2, 16, 17, 12, 15, 9, 1, 14, 5, 4, 3, 13, 10, 7, 8, 6, 11, 18, 0]",20076.656262189823,18049867500,18
ds_907_courier_4474,"[0, 3, 11, 6, 17, 18, 4, 5, 7, 8, 9, 10, 12, 13, 14, 15, 1, 2, 16, 0]",8230.87093487747,19190532200,18
ds_908_courier_4474,"[0, 9, 8, 7, 6, 4, 5, 10, 12, 11, 17, 14, 13, 18, 16, 2, 1, 3, 15, 0]",7886.117023623464,17914915400,18
ds_912_courier_290,"[0, 12, 16, 10, 13, 9, 11, 6, 7, 8, 5, 4, 2, 1, 3, 15, 14, 18, 17, 0]",11258.624988321704,19000138500,18
ds_916_courier_435,"[0, 16, 17, 12, 8, 11, 7, 6, 1, 9, 10, 13, 18, 15, 2, 3, 4, 14, 5, 0]",9286.200887333804,17992361100,18
ds_918_courier_75,"[0, 16, 17, 2, 3, 5, 4, 6, 8, 7, 15, 9, 10, 11, 12, 13, 1, 14, 18, 0]",12157.258309175208,18887911900,18
ds_928_courier_1656,"[0, 1, 14, 18, 10, 11, 12, 13, 17, 16, 3, 6, 5, 8, 9, 4, 7, 2, 15, 0]",16495.18049270153,18424388200,18
ds_928_courier_2688,"[0, 13, 7, 8, 9, 15, 14, 10, 11, 4, 6, 3, 2, 1, 5, 16, 18, 17, 12, 0]",11094.203184114001,22848183500,18
ds_1017_courier_1520,-1,-1.0,0,19
ds_517_courier_3458,-1,-1.0,0,19
ds_518_courier_4849,-1,-1.0,0,19
ds_529_courier_2208,-1,-1.0,0,19
ds_529_courier_2289,-1,-1.0,0,19
ds_529_courier_2688,-1,-1.0,0,19
ds_603_courier_4849,-1,-1.0,0,19
ds_608_courier_979,-1,-1.0,0,19
ds_611_courier_435,-1,-1.0,0,19
ds_613_courier_75,-1,-1.0,0,19
ds_618_courier_4322,-1,-1.0,0,19
ds_626_courier_1656,-1,-1.0,0,19
ds_627_courier_1103,-1,-1.0,0,19
ds_702_courier_1103,-1,-1.0,0,19
ds_702_courier_949,-1,-1.0,0,19
ds_706_courier_2925,-1,-1.0,0,19
ds_708_courier_638,-1,-1.0,0,19
ds_711_courier_2688,-1,-1.0,0,19
ds_714_courier_435,-1,-1.0,0,19
ds_714_courier_638,-1,-1.0,0,19
ds_723_courier_1103,-1,-1.0,0,19
ds_723_courier_949,-1,-1.0,0,19
ds_725_courier_435,-1,-1.0,0,19
ds_728_courier_2925,-1,-1.0,0,19
ds_730_courier_949,-1,-1.0,0,19
ds_802_courier_2665,-1,-1.0,0,19
ds_804_courier_2688,-1,-1.0,0,19
ds_804_courier_435,-1,-1.0,0,19
ds_809_courier_1103,-1,-1.0,0,19
ds_816_courier_435,-1,-1.0,0,19
ds_828_courier_1656,-1,-1.0,0,19
ds_901_courier_2925,-1,-1.0,0,19
ds_905_courier_4474,-1,-1.0,0,19
ds_906_courier_435,-1,-1.0,0,19
ds_912_courier_75,-1,-1.0,0,19
ds_913_courier_75,-1,-1.0,0,19
ds_917_courier_2925,-1,-1.0,0,19
ds_917_courier_949,-1,-1.0,0,19
ds_918_courier_2925,-1,-1.0,0,19
ds_919_courier_4474,-1,-1.0,0,19
ds_919_courier_949,-1,-1.0,0,19
ds_920_courier_4474,-1,-1.0,0,19
ds_925_courier_2688,-1,-1.0,0,19
ds_926_courier_75,-1,-1.0,0,19
ds_1007_courier_1656,-1,-1.0,0,20
ds_514_courier_3156,-1,-1.0,0,20
ds_521_courier_3156,-1,-1.0,0,20
ds_528_courier_1656,-1,-1.0,0,20
ds_529_courier_3073,-1,-1.0,0,20
ds_601_courier_2925,-1,-1.0,0,20
ds_604_courier_2925,-1,-1.0,0,20
ds_608_courier_4849,-1,-1.0,0,20
ds_611_courier_4849,-1,-1.0,0,20
ds_613_courier_949,-1,-1.0,0,20
ds_614_courier_2925,-1,-1.0,0,20
ds_618_courier_3156,-1,-1.0,0,20
ds_618_courier_487,-1,-1.0,0,20
ds_627_courier_4849,-1,-1.0,0,20
ds_630_courier_949,-1,-1.0,0,20
ds_705_courier_1103,-1,-1.0,0,20
ds_707_courier_1103,-1,-1.0,0,20
ds_711_courier_4849,-1,-1.0,0,20
ds_716_courier_1103,-1,-1.0,0,20
ds_720_courier_638,-1,-1.0,0,20
ds_731_courier_4849,-1,-1.0,0,20
ds_804_courier_1103,-1,-1.0,0,20
ds_805_courier_1103,-1,-1.0,0,20
ds_805_courier_2688,-1,-1.0,0,20
ds_811_courier_1656,-1,-1.0,0,20
ds_813_courier_487,-1,-1.0,0,20
ds_824_courier_4474,-1,-1.0,0,20
ds_825_courier_949,-1,-1.0,0,20
ds_828_courier_2925,-1,-1.0,0,20
ds_828_courier_949,-1,-1.0,0,20
ds_829_courier_2665,-1,-1.0,0,20
ds_902_courier_2925,-1,-1.0,0,20
ds_904_courier_1103,-1,-1.0,0,20
ds_906_courier_2925,-1,-1.0,0,20
ds_911_courier_435,-1,-1.0,0,20
ds_914_courier_75,-1,-1.0,0,20
ds_915_courier_290,-1,-1.0,0,20
ds_915_courier_75,-1,-1.0,0,20
ds_920_courier_75,-1,-1.0,0,20
ds_920_courier_949,-1,-1.0,0,20
ds_929_courier_4474,-1,-1.0,0,20
ds_930_courier_4474,-1,-1.0,0,20
ds_1001_courier_1103,-1,-1.0,0,21
ds_1001_courier_2688,-1,-1.0,0,21
ds_1001_courier_4849,-1,-1.0,0,21
ds_1006_courier_1558,-1,-1.0,0,21
ds_524_courier_4849,-1,-1.0,0,21
ds_601_courier_4849,-1,-1.0,0,21
ds_609_courier_2688,-1,-1.0,0,21
ds_613_courier_161,-1,-1.0,0,21
ds_615_courier_1103,-1,-1.0,0,21
ds_615_courier_2688,-1,-1.0,0,21
ds_617_courier_161,-1,-1.0,0,21
ds_701_courier_2688,-1,-1.0,0,21
ds_703_courier_75,-1,-1.0,0,21
ds_704_courier_435,-1,-1.0,0,21
ds_704_courier_638,-1,-1.0,0,21
ds_718_courier_4849,-1,-1.0,0,21
ds_720_courier_4849,-1,-1.0,0,21
ds_722_courier_2925,-1,-1.0,0,21
ds_726_courier_4474,-1,-1.0,0,21
ds_728_courier_1103,-1,-1.0,0,21
ds_730_courier_2925,-1,-1.0,0,21
ds_801_courier_949,-1,-1.0,0,21
ds_803_courier_949,-1,-1.0,0,21
ds_815_courier_2925,-1,-1.0,0,21
ds_815_courier_487,-1,-1.0,0,21
ds_817_courier_4474,-1,-1.0,0,21
ds_818_courier_1103,-1,-1.0,0,21
ds_823_courier_949,-1,-1.0,0,21
ds_824_courier_435,-1,-1.0,0,21
ds_825_courier_1103,-1,-1.0,0,21
ds_829_courier_1656,-1,-1.0,0,21
ds_829_courier_4474,-1,-1.0,0,21
ds_830_courier_1103,-1,-1.0,0,21
ds_904_courier_1656,-1,-1.0,0,21
ds_904_courier_4849,-1,-1.0,0,21
ds_905_courier_2688,-1,-1.0,0,21
ds_905_courier_2925,-1,-1.0,0,21
ds_905_courier_949,-1,-1.0,0,21
ds_906_courier_949,-1,-1.0,0,21
ds_907_courier_2688,-1,-1.0,0,21
ds_908_courier_2925,-1,-1.0,0,21
ds_911_courier_4474,-1,-1.0,0,21
ds_918_courier_4849,-1,-1.0,0,21
ds_919_courier_75,-1,-1.0,0,21
ds_920_courier_1103,-1,-1.0,0,21
ds_926_courier_949,-1,-1.0,0,21
ds_928_courier_435,-1,-1.0,0,21
ds_1002_courier_4849,-1,-1.0,0,22
ds_1005_courier_1558,-1,-1.0,0,22
ds_1012_courier_1558,-1,-1.0,0,22
ds_517_courier_1103,-1,-1.0,0,22
ds_527_courier_4849,-1,-1.0,0,22
ds_603_courier_75,-1,-1.0,0,22
ds_607_courier_4849,-1,-1.0,0,22
ds_607_courier_949,-1,-1.0,0,22
ds_613_courier_2925,-1,-1.0,0,22
ds_617_courier_1103,-1,-1.0,0,22
ds_617_courier_75,-1,-1.0,0,22
ds_619_courier_75,-1,-1.0,0,22
ds_630_courier_2688,-1,-1.0,0,22
ds_702_courier_638,-1,-1.0,0,22
ds_703_courier_1103,-1,-1.0,0,22
ds_703_courier_949,-1,-1.0,0,22
ds_717_courier_638,-1,-1.0,0,22
ds_720_courier_2688,-1,-1.0,0,22
ds_721_courier_4849,-1,-1.0,0,22
ds_727_courier_2925,-1,-1.0,0,22
ds_801_courier_75,-1,-1.0,0,22
ds_803_courier_2665,-1,-1.0,0,22
ds_807_courier_2688,-1,-1.0,0,22
ds_808_courier_1103,-1,-1.0,0,22
ds_809_courier_2665,-1,-1.0,0,22
ds_812_courier_949,-1,-1.0,0,22
ds_814_courier_4474,-1,-1.0,0,22
ds_816_courier_4849,-1,-1.0,0,22
ds_825_courier_1656,-1,-1.0,0,22
ds_830_courier_4474,-1,-1.0,0,22
ds_901_courier_949,-1,-1.0,0,22
ds_910_courier_1103,-1,-1.0,0,22
ds_911_courier_1656,-1,-1.0,0,22
ds_912_courier_1520,-1,-1.0,0,22
ds_913_courier_1656,-1,-1.0,0,22
ds_913_courier_4849,-1,-1.0,0,22
ds_914_courier_4474,-1,-1.0,0,22
ds_916_courier_1520,-1,-1.0,0,22
ds_916_courier_2688,-1,-1.0,0,22
ds_916_courier_4474,-1,-1.0,0,22
ds_917_courier_1520,-1,-1.0,0,22
ds_919_courier_1520,-1,-1.0,0,22
ds_919_courier_2688,-1,-1.0,0,22
ds_927_courier_290,-1,-1.0,0,22
ds_927_courier_4474,-1,-1.0,0,22
ds_927_courier_75,-1,-1.0,0,22
ds_929_courier_2688,-1,-1.0,0,22
ds_930_courier_1520,-1,-1.0,0,22
ds_516_courier_949,-1,-1.0,508200,23
ds_529_courier_979,-1,-1.0,0,23
ds_612_courier_2925,-1,-1.0,0,23
ds_612_courier_949,-1,-1.0,0,23
ds_614_courier_949,-1,-1.0,0,23
ds_618_courier_4849,-1,-1.0,0,23
ds_628_courier_949,-1,-1.0,0,23
ds_630_courier_2925,-1,-1.0,0,23
ds_701_courier_4849,-1,-1.0,0,23
ds_703_courier_435,-1,-1.0,0,23
ds_705_courier_2688,-1,-1.0,0,23
ds_717_courier_1103,-1,-1.0,0,23
ds_719_courier_1103,-1,-1.0,0,23
ds_719_courier_1656,-1,-1.0,0,23
ds_719_courier_4849,-1,-1.0,0,23
ds_724_courier_2688,-1,-1.0,0,23
ds_724_courier_435,-1,-1.0,0,23
ds_730_courier_4474,-1,-1.0,0,23
ds_802_courier_2925,-1,-1.0,0,23
ds_809_courier_4849,-1,-1.0,0,23
ds_813_courier_4474,-1,-1.0,0,23
ds_814_courier_949,-1,-1.0,0,23
ds_817_courier_1103,-1,-1.0,0,23
ds_821_courier_949,-1,-1.0,0,23
ds_823_courier_4474,-1,-1.0,0,23
ds_827_courier_2925,-1,-1.0,0,23
ds_905_courier_1103,-1,-1.0,0,23
ds_905_courier_75,-1,-1.0,0,23
ds_908_courier_1656,-1,-1.0,0,23
ds_908_courier_4849,-1,-1.0,0,23
ds_912_courier_4474,-1,-1.0,0,23
ds_912_courier_949,-1,-1.0,0,23
ds_916_courier_75,-1,-1.0,0,23
ds_925_courier_75,-1,-1.0,0,23
ds_927_courier_1103,-1,-1.0,0,23
ds_531_courier_4849,-1,-1.0,0,24
ds_601_courier_2688,-1,-1.0,0,24
ds_608_courier_2925,-1,-1.0,0,24
ds_610_courier_4849,-1,-1.0,0,24
ds_612_courier_1103,-1,-1.0,0,24
ds_617_courier_435,-1,-1.0,0,24
ds_617_courier_4609,-1,-1.0,0,24
ds_619_courier_1103,-1,-1.0,0,24
ds_626_courier_3156,-1,-1.0,0,24
ds_703_courier_2688,-1,-1.0,0,24
ds_705_courier_75,-1,-1.0,0,24
ds_727_courier_4474,-1,-1.0,0,24
ds_803_courier_435,-1,-1.0,0,24
ds_806_courier_2688,-1,-1.0,0,24
ds_811_courier_487,-1,-1.0,0,24
ds_813_courier_1103,-1,-1.0,0,24
ds_813_courier_949,-1,-1.0,0,24
ds_814_courier_4849,-1,-1.0,0,24
ds_819_courier_949,-1,-1.0,0,24
ds_821_courier_4474,-1,-1.0,0,24
ds_823_courier_2688,-1,-1.0,0,24
ds_823_courier_4849,-1,-1.0,0,24
ds_825_courier_2688,-1,-1.0,0,24
ds_825_courier_2925,-1,-1.0,0,24
ds_902_courier_949,-1,-1.0,0,24
ds_904_courier_4474,-1,-1.0,0,24
ds_907_courier_1520,-1,-1.0,0,24
ds_908_courier_1520,-1,-1.0,0,24
ds_912_courier_1103,-1,-1.0,0,24
ds_915_courier_1520,-1,-1.0,0,24
ds_921_courier_949,-1,-1.0,0,24
ds_923_courier_1103,-1,-1.0,0,24
ds_923_courier_949,-1,-1.0,0,24
ds_924_courier_949,-1,-1.0,0,24
ds_926_courier_1103,-1,-1.0,0,24
ds_928_courier_323,-1,-1.0,0,24
ds_928_courier_75,-1,-1.0,0,24
ds_928_courier_949,-1,-1.0,0,24
ds_929_courier_75,-1,-1.0,0,24
ds_1001_courier_75,-1,-1.0,0,25
ds_1002_courier_435,-1,-1.0,0,25
ds_516_courier_4849,-1,-1.0,0,25
ds_517_courier_75,-1,-1.0,0,25
ds_603_courier_949,-1,-1.0,0,25
ds_606_courier_4849,-1,-1.0,0,25
ds_612_courier_75,-1,-1.0,0,25
ds_618_courier_2925,-1,-1.0,0,25
ds_618_courier_75,-1,-1.0,0,25
ds_619_courier_949,-1,-1.0,0,25
ds_627_courier_638,-1,-1.0,0,25
ds_628_courier_4849,-1,-1.0,0,25
ds_704_courier_2688,-1,-1.0,0,25
ds_704_courier_75,-1,-1.0,0,25
ds_710_courier_75,-1,-1.0,0,25
ds_715_courier_75,-1,-1.0,0,25
ds_731_courier_2925,-1,-1.0,0,25
ds_803_courier_2688,-1,-1.0,0,25
ds_808_courier_2665,-1,-1.0,0,25
ds_815_courier_2688,-1,-1.0,0,25
ds_818_courier_2688,-1,-1.0,0,25
ds_820_courier_1656,-1,-1.0,0,25
ds_820_courier_4849,-1,-1.0,0,25
ds_821_courier_2688,-1,-1.0,0,25
ds_821_courier_4849,-1,-1.0,0,25
ds_827_courier_949,-1,-1.0,1001300,25
ds_829_courier_435,-1,-1.0,0,25
ds_831_courier_2688,-1,-1.0,0,25
ds_903_courier_1656,-1,-1.0,0,25
ds_905_courier_4849,-1,-1.0,0,25
ds_906_courier_2688,-1,-1.0,0,25
ds_907_courier_1103,-1,-1.0,0,25
ds_909_courier_1520,-1,-1.0,0,25
ds_913_courier_4474,-1,-1.0,0,25
ds_922_courier_4849,-1,-1.0,0,25
ds_927_courier_323,-1,-1.0,0,25
ds_928_courier_4474,-1,-1.0,0,25
ds_929_courier_1520,-1,-1.0,0,25
ds_531_courier_435,-1,-1.0,0,26
ds_603_courier_2925,-1,-1.0,0,26
ds_610_courier_949,-1,-1.0,0,26
ds_702_courier_4849,-1,-1.0,0,26
ds_704_courier_1103,-1,-1.0,0,26
ds_705_courier_4849,-1,-1.0,0,26
ds_708_courier_2688,-1,-1.0,0,26
ds_718_courier_638,-1,-1.0,0,26
ds_725_courier_4849,-1,-1.0,0,26
ds_726_courier_4849,-1,-1.0,0,26
ds_801_courier_2925,-1,-1.0,0,26
ds_803_courier_2925,-1,-1.0,0,26
ds_804_courier_2925,-1,-1.0,0,26
ds_810_courier_487,-1,-1.0,0,26
ds_816_courier_2665,-1,-1.0,0,26
ds_820_courier_2925,-1,-1.0,0,26
ds_820_courier_4474,-1,-1.0,0,26
ds_822_courier_949,-1,-1.0,0,26
ds_824_courier_1103,-1,-1.0,0,26
ds_825_courier_4849,-1,-1.0,0,26
ds_829_courier_2688,-1,-1.0,0,26
ds_905_courier_1520,-1,-1.0,0,26
ds_911_courier_1103,-1,-1.0,0,26
ds_914_courier_1103,-1,-1.0,0,26
ds_915_courier_4849,-1,-1.0,0,26
ds_916_courier_1656,-1,-1.0,0,26
ds_918_courier_1103,-1,-1.0,0,26
ds_918_courier_2688,-1,-1.0,0,26
ds_920_courier_2688,-1,-1.0,0,26
ds_920_courier_4849,-1,-1.0,0,26
ds_921_courier_1520,-1,-1.0,0,26
ds_921_courier_75,-1,-1.0,0,26
ds_922_courier_1656,-1,-1.0,0,26
ds_923_courier_4474,-1,-1.0,0,26
ds_926_courier_4474,-1,-1.0,0,26
ds_927_courier_2688,-1,-1.0,0,26
ds_1001_courier_2945,-1,-1.0,0,27
ds_529_courier_435,-1,-1.0,0,27
ds_529_courier_4849,-1,-1.0,0,27
ds_604_courier_1103,-1,-1.0,0,27
ds_609_courier_2925,-1,-1.0,0,27
ds_610_courier_75,-1,-1.0,0,27
ds_629_courier_1103,-1,-1.0,0,27
ds_629_courier_75,-1,-1.0,0,27
ds_707_courier_75,-1,-1.0,0,27
ds_715_courier_2688,-1,-1.0,0,27
ds_719_courier_2688,-1,-1.0,0,27
ds_721_courier_1103,-1,-1.0,0,27
ds_721_courier_2688,-1,-1.0,0,27
ds_726_courier_2688,-1,-1.0,0,27
ds_801_courier_1103,-1,-1.0,0,27
ds_805_courier_75,-1,-1.0,0,27
ds_822_courier_2688,-1,-1.0,0,27
ds_824_courier_1656,-1,-1.0,0,27
ds_824_courier_949,-1,-1.0,0,27
ds_829_courier_1103,-1,-1.0,0,27
ds_902_courier_4474,-1,-1.0,0,27
ds_904_courier_2688,-1,-1.0,0,27
ds_921_courier_4474,-1,-1.0,0,27
ds_923_courier_75,-1,-1.0,0,27
ds_925_courier_4474,-1,-1.0,0,27
ds_927_courier_1520,-1,-1.0,0,27
ds_930_courier_949,-1,-1.0,0,27
ds_516_courier_75,-1,-1.0,0,28
ds_520_courier_949,-1,-1.0,0,28
ds_529_courier_2925,-1,-1.0,0,28
ds_601_courier_949,-1,-1.0,0,28
ds_611_courier_2925,-1,-1.0,0,28
ds_627_courier_3458,-1,-1.0,0,28
ds_629_courier_2688,-1,-1.0,0,28
ds_629_courier_638,-1,-1.0,0,28
ds_721_courier_1656,-1,-1.0,0,28
ds_723_courier_75,-1,-1.0,0,28
ds_801_courier_2688,-1,-1.0,0,28
ds_802_courier_2688,-1,-1.0,0,28
ds_810_courier_949,-1,-1.0,0,28
ds_824_courier_2665,-1,-1.0,0,28
ds_826_courier_2665,-1,-1.0,0,28
ds_830_courier_2688,-1,-1.0,0,28
ds_831_courier_1103,-1,-1.0,0,28
ds_901_courier_1103,-1,-1.0,0,28
ds_901_courier_2688,-1,-1.0,0,28
ds_913_courier_1103,-1,-1.0,0,28
ds_917_courier_4849,-1,-1.0,0,28
ds_924_courier_4474,-1,-1.0,0,28
ds_924_courier_75,-1,-1.0,0,28
ds_929_courier_949,-1,-1.0,0,28
ds_930_courier_1103,-1,-1.0,0,28
ds_1001_courier_1520,-1,-1.0,0,29
ds_609_courier_1103,-1,-1.0,0,29
ds_609_courier_75,-1,-1.0,0,29
ds_611_courier_75,-1,-1.0,0,29
ds_628_courier_2925,-1,-1.0,0,29
ds_727_courier_3867,-1,-1.0,0,29
ds_728_courier_75,-1,-1.0,0,29
ds_730_courier_1103,-1,-1.0,0,29
ds_730_courier_4849,-1,-1.0,0,29
ds_806_courier_2925,-1,-1.0,0,29
ds_814_courier_1103,-1,-1.0,0,29
ds_820_courier_2688,-1,-1.0,0,29
ds_822_courier_1103,-1,-1.0,0,29
ds_830_courier_4849,-1,-1.0,0,29
ds_909_courier_75,-1,-1.0,0,29
ds_911_courier_75,-1,-1.0,0,29
ds_915_courier_1103,-1,-1.0,0,29
ds_915_courier_2688,-1,-1.0,0,29
ds_918_courier_1520,-1,-1.0,0,29
ds_919_courier_1103,-1,-1.0,0,29
ds_919_courier_1656,-1,-1.0,0,29
ds_922_courier_2688,-1,-1.0,0,29
ds_926_courier_1520,-1,-1.0,0,29
ds_927_courier_949,-1,-1.0,0,29
ds_928_courier_1103,-1,-1.0,0,29
ds_1003_courier_1656,"[0, 2, 3, 1, 0]",10914.94296932493,506100,3
ds_1011_courier_87,"[0, 2, 1, 3, 0]",3700.3601815764086,0,3
ds_1019_courier_1558,"[0, 2, 1, 3, 0]",106.5886502630024,0,3
ds_513_courier_588,"[0, 2, 1, 3, 0]",12498.265505377367,0,3
ds_518_courier_2709,"[0, 3, 2, 1, 0]",5677.788350161307,0,3
ds_518_courier_3408,"[0, 2, 1, 3, 0]",6001.312489512404,0,3
ds_520_courier_2709,"[0, 2, 1, 3, 0]",5807.056397029657,0,3
ds_526_courier_435,"[0, 3, 2, 1, 0]",4274.47196442184,0,3
ds_527_courier_3156,"[0, 2, 1, 3, 0]",8856.894847097432,0,3
ds_530_courier_2709,"[0, 2, 1, 3, 0]",3644.6909496157937,0,3
ds_530_courier_3939,"[0, 2, 1, 3, 0]",14974.426522689018,0,3
ds_531_courier_1756,"[0, 2, 1, 3, 0]",4926.816307655496,0,3
ds_531_courier_487,"[0, 2, 1, 3, 0]",7767.849245123851,0,3
ds_531_courier_979,"[0, 1, 2, 3, 0]",2244.97441765249,0,3
ds_602_courier_2925,"[0, 1, 3, 2, 0]",10429.82100869788,0,3
ds_602_courier_4322,"[0, 1, 2, 3, 0]",3918.668789638168,0,3
ds_605_courier_1103,"[0, 1, 2, 3, 0]",8402.450790532592,0,3
ds_605_courier_3853,"[0, 1, 2, 3, 0]",20327.029834626534,0,3
ds_606_courier_75,"[0, 1, 2, 3, 0]",4979.690495543457,0,3
ds_608_courier_3853,"[0, 1, 2, 3, 0]",20087.908429204497,0,3
ds_617_courier_2452,"[0, 2, 1, 3, 0]",20445.025212602188,0,3
ds_618_courier_2709,"[0, 1, 2, 3, 0]",5039.314318095949,0,3
ds_619_courier_4598,"[0, 2, 1, 3, 0]",5508.406651450343,0,3
ds_624_courier_3156,"[0, 1, 2, 3, 0]",7496.309353009723,0,3
ds_624_courier_4474,"[0, 1, 3, 2, 0]",5017.840755636729,0,3
ds_624_courier_487,"[0, 1, 2, 3, 0]",12813.712899444354,0,3
ds_624_courier_949,"[0, 1, 2, 3, 0]",8544.111770643216,0,3
ds_626_courier_2709,"[0, 1, 3, 2, 0]",4695.535840372184,0,3
ds_626_courier_2925,"[0, 1, 2, 3, 0]",7033.895545362582,0,3
ds_626_courier_949,"[0, 1, 2, 3, 0]",8923.06719755104,0,3
ds_702_courier_3156,"[0, 2, 3, 1, 0]",7978.051290400403,0,3
ds_715_courier_2709,"[0, 2, 1, 3, 0]",6882.228042256485,0,3
ds_731_courier_2709,"[0, 1, 3, 2, 0]",3883.8183788702213,0,3
ds_801_courier_2709,"[0, 1, 2, 3, 0]",5558.5223752650745,0,3
ds_808_courier_2709,"[0, 1, 2, 3, 0]",4783.111296924324,0,3
ds_811_courier_2709,"[0, 1, 2, 3, 0]",4928.53453722594,0,3
ds_812_courier_2709,"[0, 1, 2, 3, 0]",5979.159182327228,0,3
ds_814_courier_2709,"[0, 2, 1, 3, 0]",5889.813108785947,0,3
ds_815_courier_2709,"[0, 1, 3, 2, 0]",5519.787051788773,0,3
ds_819_courier_2709,"[0, 2, 3, 1, 0]",4103.237673966498,0,3
ds_825_courier_2709,"[0, 1, 2, 3, 0]",5371.686606842213,0,3
ds_827_courier_2709,"[0, 1, 2, 3, 0]",6970.26073539511,0,3
ds_828_courier_2709,"[0, 2, 1, 3, 0]",6245.232805976743,0,3
ds_829_courier_2709,"[0, 1, 2, 3, 0]",5711.672894450852,0,3
ds_907_courier_2709,"[0, 1, 2, 3, 0]",3916.2812890645637,0,3
ds_910_courier_2709,"[0, 2, 1, 3, 0]",3773.6307012853345,0,3
ds_914_courier_2709,"[0, 1, 2, 3, 0]",3224.959740601069,0,3
ds_916_courier_2709,"[0, 2, 1, 3, 0]",4871.794636308767,0,3
ds_927_courier_2709,"[0, 1, 3, 2, 0]",5042.799453882429,0,3
ds_929_courier_2709,"[0, 2, 1, 3, 0]",5231.197448294666,0,3
ds_929_courier_323,"[0, 1, 2, 3, 0]",7816.453085144301,0,3
ds_930_courier_2709,"[0, 1, 3, 2, 0]",5582.0576622947065,0,3
ds_530_courier_4849,-1,-1.0,0,30
ds_614_courier_2688,-1,-1.0,0,30
ds_714_courier_2688,-1,-1.0,0,30
ds_723_courier_2688,-1,-1.0,0,30
ds_723_courier_2925,-1,-1.0,0,30
ds_726_courier_75,-1,-1.0,0,30
ds_728_courier_1656,-1,-1.0,0,30
ds_803_courier_1103,-1,-1.0,0,30
ds_806_courier_75,-1,-1.0,0,30
ds_810_courier_4849,-1,-1.0,0,30
ds_811_courier_75,-1,-1.0,0,30
ds_812_courier_4474,-1,-1.0,0,30
ds_823_courier_2665,-1,-1.0,0,30
ds_824_courier_2688,-1,-1.0,0,30
ds_825_courier_2665,-1,-1.0,0,30
ds_826_courier_1656,-1,-1.0,0,30
ds_828_courier_2665,-1,-1.0,0,30
ds_828_courier_4474,-1,-1.0,0,30
ds_830_courier_2665,-1,-1.0,0,30
ds_902_courier_4849,-1,-1.0,0,30
ds_906_courier_4849,-1,-1.0,0,30
ds_912_courier_2688,-1,-1.0,0,30
ds_914_courier_1520,-1,-1.0,0,30
ds_921_courier_2688,-1,-1.0,0,30
ds_921_courier_4849,-1,-1.0,0,30
ds_923_courier_1520,-1,-1.0,0,30
ds_924_courier_1103,-1,-1.0,0,30
ds_929_courier_1103,-1,-1.0,0,30
ds_520_courier_4849,-1,-1.0,0,31
ds_708_courier_75,-1,-1.0,0,31
ds_718_courier_2688,-1,-1.0,0,31
ds_719_courier_75,-1,-1.0,0,31
ds_725_courier_1103,-1,-1.0,0,31
ds_725_courier_2688,-1,-1.0,0,31
ds_726_courier_1103,-1,-1.0,0,31
ds_727_courier_1103,-1,-1.0,0,31
ds_729_courier_4849,-1,-1.0,0,31
ds_902_courier_2688,-1,-1.0,0,31
ds_906_courier_1103,-1,-1.0,0,31
ds_914_courier_2688,-1,-1.0,0,31
ds_923_courier_4849,-1,-1.0,0,31
ds_925_courier_1103,-1,-1.0,0,31
ds_928_courier_4849,-1,-1.0,0,31
ds_529_courier_487,-1,-1.0,0,32
ds_617_courier_949,-1,-1.0,0,32
ds_629_courier_949,-1,-1.0,0,32
ds_801_courier_4849,-1,-1.0,0,32
ds_814_courier_2665,-1,-1.0,0,32
ds_831_courier_2665,-1,-1.0,0,32
ds_903_courier_2688,-1,-1.0,0,32
ds_909_courier_1103,-1,-1.0,0,32
ds_925_courier_1520,-1,-1.0,0,32
ds_617_courier_2925,-1,-1.0,0,33
ds_706_courier_75,-1,-1.0,0,33
ds_709_courier_75,-1,-1.0,0,33
ds_716_courier_2688,-1,-1.0,0,33
ds_717_courier_75,-1,-1.0,0,33
ds_722_courier_75,-1,-1.0,0,33
ds_726_courier_638,-1,-1.0,0,33
ds_728_courier_2688,-1,-1.0,0,33
ds_817_courier_75,-1,-1.0,0,33
ds_828_courier_2688,-1,-1.0,0,33
ds_829_courier_4849,-1,-1.0,0,33
ds_924_courier_4849,-1,-1.0,0,33
ds_929_courier_4849,-1,-1.0,0,33
ds_610_courier_2688,-1,-1.0,0,34
ds_617_courier_2688,-1,-1.0,0,34
ds_702_courier_2688,-1,-1.0,0,34
ds_809_courier_2688,-1,-1.0,0,34
ds_811_courier_2925,-1,-1.0,0,34
ds_814_courier_2925,-1,-1.0,0,34
ds_816_courier_2688,-1,-1.0,0,34
ds_818_courier_75,-1,-1.0,0,34
ds_826_courier_1103,-1,-1.0,0,34
ds_831_courier_949,-1,-1.0,0,34
ds_906_courier_1656,-1,-1.0,0,34
ds_914_courier_949,-1,-1.0,0,34
ds_603_courier_2688,-1,-1.0,0,35
ds_613_courier_2688,-1,-1.0,0,35
ds_808_courier_1656,-1,-1.0,0,35
ds_811_courier_1103,-1,-1.0,0,35
ds_811_courier_949,-1,-1.0,0,35
ds_812_courier_2665,-1,-1.0,0,35
ds_827_courier_2688,-1,-1.0,0,35
ds_909_courier_4849,-1,-1.0,0,35
ds_921_courier_1103,-1,-1.0,0,35
ds_611_courier_2688,-1,-1.0,0,36
ds_612_courier_2688,-1,-1.0,0,36
ds_618_courier_435,-1,-1.0,0,36
ds_720_courier_75,-1,-1.0,0,36
ds_808_courier_4849,-1,-1.0,0,36
ds_814_courier_75,-1,-1.0,0,36
ds_908_courier_2688,-1,-1.0,0,36
ds_722_courier_2688,-1,-1.0,0,37
ds_803_courier_75,-1,-1.0,0,37
ds_823_courier_75,-1,-1.0,0,37
ds_825_courier_75,-1,-1.0,0,37
ds_903_courier_1520,-1,-1.0,0,37
ds_611_courier_949,-1,-1.0,0,38
ds_707_courier_2688,-1,-1.0,0,38
ds_714_courier_75,-1,-1.0,0,38
ds_729_courier_75,-1,-1.0,0,38
ds_811_courier_2665,-1,-1.0,0,38
ds_813_courier_75,-1,-1.0,0,38
ds_826_courier_75,-1,-1.0,0,38
ds_906_courier_1520,-1,-1.0,0,38
ds_924_courier_1520,-1,-1.0,0,38
ds_727_courier_75,-1,-1.0,0,39
ds_730_courier_2688,-1,-1.0,0,39
ds_804_courier_75,-1,-1.0,0,39
ds_807_courier_75,-1,-1.0,0,39
ds_810_courier_2665,-1,-1.0,0,39
ds_813_courier_4849,-1,-1.0,0,39
ds_819_courier_75,-1,-1.0,0,39
ds_1002_courier_487,"[0, 1, 2, 3, 4, 0]",14922.464503154322,0,4
ds_1003_courier_87,"[0, 2, 1, 4, 3, 0]",3382.3593807411116,0,4
ds_1014_courier_1656,"[0, 2, 3, 1, 4, 0]",11000.605923112846,0,4
ds_1021_courier_1558,"[0, 2, 4, 1, 3, 0]",121.84313652914906,0,4
ds_519_courier_3853,"[0, 2, 1, 3, 4, 0]",32001.57499285439,0,4
ds_525_courier_2208,"[0, 3, 4, 1, 2, 0]",7212.290381738342,0,4
ds_526_courier_2208,"[0, 1, 2, 4, 3, 0]",9914.760781253,0,4
ds_527_courier_3073,"[0, 3, 4, 2, 1, 0]",4312.326790089375,0,4
ds_528_courier_2289,"[0, 1, 2, 3, 4, 0]",4900.496226466215,0,4
ds_528_courier_2925,"[0, 1, 3, 2, 4, 0]",6950.565894145653,0,4
ds_531_courier_3458,"[0, 2, 4, 1, 3, 0]",8978.818808923772,999700,4
ds_601_courier_3458,"[0, 2, 1, 3, 4, 0]",12376.772153316711,0,4
ds_601_courier_979,"[0, 1, 2, 4, 3, 0]",5334.687167562009,0,4
ds_602_courier_435,"[0, 2, 1, 3, 4, 0]",7801.0474718221085,0,4
ds_602_courier_4849,"[0, 2, 1, 3, 4, 0]",8138.01757256396,0,4
ds_602_courier_638,"[0, 1, 2, 4, 3, 0]",3663.9624583202462,0,4
ds_606_courier_3458,"[0, 2, 3, 1, 4, 0]",13500.849907099397,0,4
ds_608_courier_3073,"[0, 1, 2, 4, 3, 0]",4299.683351678976,999600,4
ds_609_courier_1656,"[0, 1, 3, 2, 4, 0]",8410.097563668864,0,4
ds_615_courier_4474,"[0, 2, 4, 1, 3, 0]",3877.3355416664276,0,4
ds_617_courier_4322,"[0, 1, 4, 3, 2, 0]",4253.896070593268,0,4
ds_618_courier_1756,"[0, 3, 1, 2, 4, 0]",5438.840009820937,0,4
ds_619_courier_2452,"[0, 2, 3, 1, 4, 0]",22177.675117573628,0,4
ds_619_courier_4114,"[0, 2, 4, 1, 3, 0]",4722.1792581765985,0,4
ds_625_courier_949,"[0, 1, 4, 3, 2, 0]",8621.945295851448,0,4
ds_626_courier_638,"[0, 1, 4, 3, 2, 0]",4154.780262628859,0,4
ds_710_courier_3156,"[0, 1, 3, 4, 2, 0]",7226.288323010762,0,4
ds_712_courier_1656,"[0, 1, 3, 2, 4, 0]",17462.212105722334,0,4
ds_713_courier_487,"[0, 2, 3, 1, 4, 0]",10336.990368548166,0,4
ds_716_courier_2709,"[0, 3, 2, 1, 4, 0]",6783.412382519334,0,4
ds_722_courier_2709,"[0, 1, 3, 2, 4, 0]",6263.696447681336,0,4
ds_805_courier_487,"[0, 1, 3, 2, 4, 0]",9411.505618266905,0,4
ds_810_courier_2709,"[0, 3, 4, 2, 1, 0]",5849.409974638877,0,4
ds_816_courier_2709,"[0, 2, 1, 3, 4, 0]",5318.12277890891,0,4
ds_909_courier_1558,"[0, 1, 4, 3, 2, 0]",3810.6638655070446,0,4
ds_911_courier_2709,"[0, 3, 1, 2, 4, 0]",5489.993293518235,0,4
ds_812_courier_2925,-1,-1.0,0,40
ds_829_courier_75,-1,-1.0,0,40
ds_830_courier_75,-1,-1.0,0,40
ds_811_courier_4849,-1,-1.0,0,41
ds_809_courier_75,-1,-1.0,0,42
ds_813_courier_2925,-1,-1.0,0,42
ds_727_courier_638,-1,-1.0,0,43
ds_810_courier_75,-1,-1.0,0,43
ds_813_courier_2688,-1,-1.0,0,43
ds_821_courier_75,-1,-1.0,0,43
ds_627_courier_2688,-1,-1.0,0,44
ds_724_courier_75,-1,-1.0,0,44
ds_828_courier_75,-1,-1.0,0,45
ds_831_courier_4849,-1,-1.0,0,45
ds_730_courier_75,-1,-1.0,0,46
ds_827_courier_75,-1,-1.0,0,46
ds_831_courier_75,-1,-1.0,0,46
ds_902_courier_1103,-1,-1.0,0,46
ds_529_courier_75,-1,-1.0,0,47
ds_923_courier_2688,-1,-1.0,0,47
ds_901_courier_75,-1,-1.0,0,48
ds_810_courier_2688,-1,-1.0,0,49
ds_1015_courier_1656,"[0, 1, 2, 5, 3, 4, 0]",10932.090141339902,0,5
ds_1016_courier_87,"[0, 5, 4, 3, 2, 1, 0]",4075.277331334504,0,5
ds_1021_courier_1656,"[0, 3, 5, 2, 1, 4, 0]",10905.12790080303,1006600,5
ds_518_courier_3458,"[0, 1, 2, 5, 4, 3, 0]",3400.4143399672976,0,5
ds_519_courier_435,"[0, 3, 1, 5, 4, 2, 0]",3734.159520153352,0,5
ds_520_courier_3156,"[0, 5, 4, 2, 1, 3, 0]",8053.202189497883,1001400,5
ds_521_courier_1656,"[0, 2, 1, 3, 4, 5, 0]",6659.3477745835735,0,5
ds_524_courier_1656,"[0, 1, 3, 4, 2, 5, 0]",8363.175543191534,0,5
ds_526_courier_4849,"[0, 4, 2, 1, 3, 5, 0]",8178.018114736556,0,5
ds_529_courier_588,"[0, 4, 2, 3, 5, 1, 0]",10010.064127883057,0,5
ds_530_courier_2688,"[0, 5, 4, 3, 2, 1, 0]",7520.761943339221,999600,5
ds_530_courier_3156,"[0, 3, 4, 2, 5, 1, 0]",8362.559051681834,998800,5
ds_531_courier_2208,"[0, 2, 5, 3, 1, 4, 0]",5398.899653271656,0,5
ds_531_courier_4322,"[0, 4, 1, 3, 5, 2, 0]",2998.7372736785,0,5
ds_601_courier_1756,"[0, 5, 1, 3, 2, 4, 0]",4931.204598027831,0,5
ds_601_courier_4322,"[0, 3, 4, 1, 5, 2, 0]",3733.108660638855,0,5
ds_601_courier_487,"[0, 3, 5, 2, 1, 4, 0]",7965.208879928481,0,5
ds_605_courier_949,"[0, 1, 4, 2, 3, 5, 0]",8336.965858424664,0,5
ds_607_courier_1177,"[0, 1, 4, 3, 5, 2, 0]",9788.278119274644,999200,5
ds_607_courier_1756,"[0, 2, 1, 4, 3, 5, 0]",5266.90322249583,0,5
ds_607_courier_4322,"[0, 1, 2, 5, 4, 3, 0]",9878.684720224886,0,5
ds_610_courier_3853,"[0, 1, 5, 2, 4, 3, 0]",17704.2918341601,0,5
ds_612_courier_487,"[0, 2, 3, 5, 1, 4, 0]",8573.36668169549,0,5
ds_613_courier_2208,"[0, 4, 3, 2, 1, 5, 0]",5206.828776344962,999200,5
ds_615_courier_487,"[0, 1, 5, 4, 3, 2, 0]",12915.323924439896,1504600,5
ds_616_courier_487,"[0, 1, 5, 4, 3, 2, 0]",14208.6235165054,0,5
ds_617_courier_4114,"[0, 2, 4, 1, 5, 3, 0]",5612.222518425691,0,5
ds_619_courier_4609,"[0, 1, 3, 5, 4, 2, 0]",6130.556972418928,0,5
ds_625_courier_2688,"[0, 1, 2, 3, 4, 5, 0]",9387.537202630569,0,5
ds_626_courier_75,"[0, 3, 5, 4, 2, 1, 0]",10553.114935777452,0,5
ds_629_courier_1656,"[0, 2, 1, 4, 3, 5, 0]",18458.44237455733,1000200,5
ds_711_courier_487,"[0, 1, 4, 5, 3, 2, 0]",9015.976528704085,0,5
ds_713_courier_2925,"[0, 4, 2, 3, 1, 5, 0]",9880.942791645026,0,5
ds_726_courier_2709,"[0, 4, 3, 2, 1, 5, 0]",6668.289628464419,0,5
ds_805_courier_3156,"[0, 1, 3, 4, 2, 5, 0]",8203.220845966172,1006100,5
ds_806_courier_487,"[0, 1, 4, 3, 2, 5, 0]",8484.8767553623,0,5
ds_907_courier_487,"[0, 1, 2, 5, 4, 3, 0]",14083.058985280913,0,5
ds_913_courier_1558,"[0, 1, 3, 2, 4, 5, 0]",4856.901016835873,1001300,5
ds_812_courier_2688,-1,-1.0,0,51
ds_1008_courier_1656,"[0, 1, 2, 3, 5, 4, 6, 0]",17725.32038430898,997900,6
ds_1018_courier_1558,"[0, 4, 3, 5, 1, 2, 6, 0]",1255.7080917926614,1000700,6
ds_516_courier_1656,"[0, 5, 2, 3, 1, 4, 6, 0]",6517.494321083843,999500,6
ds_516_courier_487,"[0, 4, 1, 5, 3, 2, 6, 0]",7760.893062289642,1000900,6
ds_520_courier_1656,"[0, 5, 4, 1, 3, 2, 6, 0]",14276.142814039013,0,6
ds_521_courier_435,"[0, 3, 2, 1, 4, 5, 6, 0]",5084.947620356428,0,6
ds_525_courier_4322,"[0, 4, 5, 2, 1, 3, 6, 0]",4476.547389466445,504400,6
ds_525_courier_4849,"[0, 6, 1, 3, 5, 4, 2, 0]",7955.003567622737,1006200,6
ds_526_courier_2709,"[0, 1, 3, 4, 2, 6, 5, 0]",7101.45194014431,998500,6
ds_526_courier_949,"[0, 5, 1, 2, 4, 3, 6, 0]",8465.763199871097,0,6
ds_528_courier_487,"[0, 2, 1, 3, 4, 5, 6, 0]",15888.224252322787,999300,6
ds_528_courier_979,"[0, 4, 2, 3, 1, 5, 6, 0]",5356.057863732314,1000200,6
ds_530_courier_1656,"[0, 6, 2, 4, 3, 5, 1, 0]",14397.039203448385,999700,6
ds_530_courier_3458,"[0, 3, 1, 6, 4, 2, 5, 0]",5954.782433087712,0,6
ds_531_courier_2618,"[0, 2, 4, 6, 5, 1, 3, 0]",5242.740590523836,0,6
ds_604_courier_2452,"[0, 3, 1, 2, 5, 6, 4, 0]",22212.223995850327,0,6
ds_604_courier_3073,"[0, 3, 6, 1, 2, 4, 5, 0]",4379.594528317162,0,6
ds_604_courier_4322,"[0, 2, 6, 5, 3, 4, 1, 0]",6067.200854508971,0,6
ds_605_courier_2688,"[0, 1, 5, 3, 6, 4, 2, 0]",8503.09862015095,1001600,6
ds_605_courier_3458,"[0, 3, 2, 1, 5, 6, 4, 0]",11997.444525912288,999300,6
ds_608_courier_2208,"[0, 2, 4, 1, 5, 6, 3, 0]",5521.540186942826,0,6
ds_616_courier_949,"[0, 2, 1, 4, 3, 5, 6, 0]",9289.569218427388,1504800,6
ds_617_courier_2208,"[0, 4, 1, 2, 6, 3, 5, 0]",4762.122971565967,1005300,6
ds_619_courier_3073,"[0, 2, 1, 3, 4, 6, 5, 0]",3317.923651724449,999700,6
ds_626_courier_2688,"[0, 2, 3, 5, 4, 1, 6, 0]",7384.333877863094,999200,6
ds_626_courier_4474,"[0, 3, 1, 2, 6, 4, 5, 0]",5778.589285491739,0,6
ds_628_courier_487,"[0, 1, 6, 3, 4, 2, 5, 0]",13857.767626162422,0,6
ds_710_courier_1656,"[0, 5, 1, 2, 3, 4, 6, 0]",9727.298322197066,999500,6
ds_710_courier_487,"[0, 4, 3, 5, 1, 6, 2, 0]",9272.011082290832,998800,6
ds_713_courier_1656,"[0, 3, 1, 6, 2, 5, 4, 0]",21555.976333654984,0,6
ds_713_courier_3156,"[0, 4, 5, 3, 1, 2, 6, 0]",8049.068576161076,999200,6
ds_818_courier_3156,"[0, 3, 1, 2, 4, 5, 6, 0]",8025.922648144581,0,6
ds_903_courier_487,"[0, 5, 1, 6, 4, 3, 2, 0]",12421.136708387794,0,6
ds_905_courier_1558,"[0, 1, 6, 2, 4, 3, 5, 0]",3569.2628061053447,0,6
ds_912_courier_1558,"[0, 2, 6, 1, 5, 4, 3, 0]",4995.438266400308,999900,6
ds_912_courier_1656,"[0, 1, 6, 3, 5, 2, 4, 0]",17251.302587151014,998700,6
ds_1002_courier_1656,"[0, 2, 3, 6, 1, 7, 5, 4, 0]",16575.619868179143,1002100,7
ds_1007_courier_87,"[0, 3, 6, 5, 4, 2, 1, 7, 0]",5096.257067805217,999900,7
ds_1017_courier_87,"[0, 4, 6, 3, 5, 1, 2, 7, 0]",5000.309164725805,1507600,7
ds_516_courier_318,"[0, 5, 4, 3, 1, 2, 7, 6, 0]",23844.493349153832,2001400,7
ds_516_courier_3458,"[0, 1, 5, 2, 4, 3, 6, 7, 0]",3868.702023375914,1999300,7
ds_525_courier_1656,"[0, 5, 3, 2, 1, 4, 6, 7, 0]",13995.281616105267,1998800,7
ds_528_courier_4322,"[0, 5, 2, 1, 3, 4, 7, 6, 0]",7246.4438979527295,1002600,7
ds_531_courier_3073,"[0, 1, 6, 5, 2, 3, 4, 7, 0]",3875.7736746199216,1000100,7
ds_601_courier_2452,"[0, 3, 1, 2, 4, 5, 7, 6, 0]",20793.41302729219,1504700,7
ds_603_courier_487,"[0, 3, 2, 7, 4, 1, 5, 6, 0]",9757.210099098274,999500,7
ds_605_courier_4322,"[0, 1, 2, 3, 7, 5, 4, 6, 0]",4420.528642660456,999100,7
ds_606_courier_152,"[0, 1, 2, 7, 6, 4, 5, 3, 0]",4907.381750805636,3056500,7
ds_606_courier_2925,"[0, 3, 2, 1, 5, 4, 7, 6, 0]",6976.383900013322,1999100,7
ds_608_courier_1756,"[0, 5, 1, 2, 3, 6, 4, 7, 0]",5102.265348032293,2000300,7
ds_612_courier_2208,"[0, 4, 7, 2, 1, 6, 3, 5, 0]",5214.367270043615,2002000,7
ds_616_courier_161,"[0, 3, 1, 2, 6, 4, 5, 7, 0]",12964.742407748785,1997700,7
ds_616_courier_75,"[0, 5, 6, 7, 1, 2, 3, 4, 0]",11064.01451321027,2000600,7
ds_619_courier_2208,"[0, 1, 7, 4, 5, 3, 2, 6, 0]",4960.800836185016,0,7
ds_625_courier_435,"[0, 3, 4, 1, 2, 7, 6, 5, 0]",4962.378959036532,2520500,7
ds_626_courier_1103,"[0, 6, 1, 5, 4, 3, 2, 7, 0]",8817.921488501308,1000200,7
ds_705_courier_487,"[0, 3, 1, 2, 7, 4, 6, 5, 0]",12532.650777701247,1999300,7
ds_709_courier_487,"[0, 3, 1, 7, 2, 6, 5, 4, 0]",12582.460900451337,998300,7
ds_711_courier_2925,"[0, 2, 3, 1, 4, 7, 6, 5, 0]",11051.481716831304,999300,7
ds_718_courier_487,"[0, 1, 6, 7, 5, 3, 4, 2, 0]",14640.293312239226,1006500,7
ds_723_courier_3156,"[0, 7, 2, 4, 6, 1, 5, 3, 0]",8331.254613970641,1503800,7
ds_724_courier_1656,"[0, 4, 7, 2, 5, 1, 3, 6, 0]",18042.657164487962,1000100,7
ds_730_courier_3156,"[0, 4, 7, 1, 5, 2, 3, 6, 0]",7494.3120272800825,2001200,7
ds_731_courier_3156,"[0, 3, 5, 6, 2, 4, 1, 7, 0]",8327.275479787859,2000200,7
ds_802_courier_3156,"[0, 7, 6, 4, 3, 2, 5, 1, 0]",9622.690580406692,1000000,7
ds_805_courier_1656,"[0, 3, 1, 5, 4, 2, 7, 6, 0]",10915.20943255091,2511900,7
ds_807_courier_487,"[0, 3, 2, 1, 7, 5, 6, 4, 0]",15396.326003582104,1999800,7
ds_903_courier_1558,"[0, 2, 7, 6, 5, 1, 4, 3, 0]",8278.09676467464,999700,7
ds_1002_courier_87,"[0, 4, 5, 6, 7, 8, 1, 3, 2, 0]",4855.417547917417,4510100,8
ds_1004_courier_87,"[0, 8, 2, 1, 3, 7, 6, 5, 4, 0]",4548.849867072275,5029700,8
ds_1006_courier_1656,"[0, 6, 8, 7, 4, 3, 2, 1, 5, 0]",23651.25692589801,5000600,8
ds_1006_courier_87,"[0, 5, 7, 3, 2, 1, 4, 6, 8, 0]",4229.939818093638,3511300,8
ds_1011_courier_1656,"[0, 5, 8, 4, 6, 2, 3, 1, 7, 0]",15266.126134948798,5001100,8
ds_1015_courier_87,"[0, 7, 4, 2, 1, 6, 3, 5, 8, 0]",4300.745074223743,2999400,8
ds_516_courier_435,"[0, 3, 8, 2, 7, 6, 1, 5, 4, 0]",4510.982073116413,2999200,8
ds_518_courier_1656,"[0, 4, 6, 1, 3, 2, 5, 8, 7, 0]",9561.564141653853,2997700,8
ds_519_courier_4849,"[0, 6, 2, 1, 3, 5, 4, 7, 8, 0]",8466.52518807421,4510100,8
ds_524_courier_3073,"[0, 5, 3, 4, 2, 1, 7, 8, 6, 0]",4622.77780393558,3510700,8
ds_527_courier_1656,"[0, 8, 3, 7, 1, 2, 4, 5, 6, 0]",14166.673958935298,3004000,8
ds_604_courier_1177,"[0, 6, 4, 3, 1, 2, 7, 8, 5, 0]",7459.538065581706,5002000,8
ds_604_courier_3559,"[0, 3, 4, 2, 5, 6, 8, 7, 1, 0]",7470.509180915836,5003500,8
ds_604_courier_949,"[0, 5, 2, 7, 6, 1, 8, 4, 3, 0]",8034.875093707407,3999500,8
ds_606_courier_2208,"[0, 5, 8, 4, 7, 2, 1, 3, 6, 0]",6004.858265536439,5000000,8
ds_606_courier_638,"[0, 4, 8, 7, 6, 3, 5, 1, 2, 0]",5011.971161735223,4001000,8
ds_607_courier_2618,"[0, 8, 7, 1, 4, 2, 3, 6, 5, 0]",6358.557278665615,4082700,8
ds_607_courier_3853,"[0, 2, 3, 1, 7, 8, 6, 4, 5, 0]",20456.840819233126,4004100,8
ds_614_courier_487,"[0, 4, 5, 8, 7, 6, 1, 2, 3, 0]",13122.47906557857,4574600,8
ds_616_courier_435,"[0, 5, 7, 8, 6, 4, 1, 3, 2, 0]",5164.667714742512,2965100,8
ds_616_courier_4474,"[0, 7, 2, 1, 8, 5, 6, 3, 4, 0]",5643.192904629538,4003200,8
ds_619_courier_487,"[0, 5, 3, 2, 1, 8, 4, 6, 7, 0]",10874.03767142769,4511400,8
ds_630_courier_487,"[0, 3, 2, 6, 1, 8, 5, 4, 7, 0]",13690.652740498079,3063400,8
ds_703_courier_3442,"[0, 7, 6, 4, 5, 2, 1, 3, 8, 0]",2875.2929046057693,3508500,8
ds_708_courier_4474,"[0, 2, 8, 1, 3, 6, 4, 5, 7, 0]",7033.417583477223,4547800,8
ds_708_courier_487,"[0, 5, 4, 8, 7, 6, 1, 2, 3, 0]",13016.011795119666,3959300,8
ds_710_courier_2925,"[0, 3, 6, 8, 5, 1, 2, 7, 4, 0]",7319.225755937415,2999600,8
ds_711_courier_1103,"[0, 8, 6, 2, 3, 1, 4, 7, 5, 0]",11518.828816625628,4003400,8
ds_712_courier_2302,"[0, 4, 7, 3, 2, 1, 6, 8, 5, 0]",10382.818457317,5001500,8
ds_713_courier_1103,"[0, 5, 3, 7, 2, 4, 1, 6, 8, 0]",15051.978328291612,3997500,8
ds_714_courier_1656,"[0, 7, 3, 6, 4, 1, 5, 8, 2, 0]",14203.73034335786,3507200,8
ds_721_courier_487,"[0, 5, 4, 3, 6, 7, 1, 8, 2, 0]",15425.290752898316,4512500,8
ds_725_courier_1656,"[0, 1, 3, 4, 5, 6, 7, 2, 8, 0]",18607.793614489878,3999200,8
ds_731_courier_487,"[0, 8, 7, 2, 3, 1, 5, 6, 4, 0]",14444.79562542932,4000100,8
ds_802_courier_487,"[0, 1, 2, 3, 4, 5, 6, 7, 8, 0]",15271.480976053042,4003400,8
ds_807_courier_3156,"[0, 5, 4, 7, 2, 6, 1, 3, 8, 0]",8428.182092405657,5001000,8
ds_817_courier_3156,"[0, 2, 4, 7, 1, 3, 8, 5, 6, 0]",7805.595221484482,3998300,8
ds_818_courier_487,"[0, 7, 2, 1, 4, 3, 6, 8, 5, 0]",21049.276113382206,3510400,8
ds_819_courier_1656,"[0, 4, 1, 7, 5, 2, 3, 6, 8, 0]",12843.652721486464,4507000,8
ds_906_courier_1558,"[0, 3, 2, 1, 4, 8, 7, 5, 6, 0]",8171.783752545694,4503800,8
ds_908_courier_1558,"[0, 1, 8, 4, 3, 5, 2, 6, 7, 0]",6271.53759096137,3999000,8
ds_915_courier_1656,"[0, 7, 6, 2, 3, 5, 1, 4, 8, 0]",23483.995171005525,5003400,8
ds_918_courier_487,"[0, 2, 1, 8, 4, 3, 6, 5, 7, 0]",15239.652313605162,3000100,8
ds_1012_courier_87,"[0, 1, 2, 6, 5, 4, 9, 7, 8, 3, 0]",4813.789957589644,10014100,9
ds_1013_courier_87,"[0, 7, 8, 2, 3, 1, 5, 6, 4, 9, 0]",5200.8572396331065,8964300,9
ds_527_courier_949,"[0, 4, 5, 7, 6, 1, 2, 3, 8, 9, 0]",9439.393174087563,10004000,9
ds_531_courier_2925,"[0, 8, 5, 1, 3, 6, 7, 4, 2, 9, 0]",9635.493222790046,9507600,9
ds_601_courier_3073,"[0, 6, 1, 2, 9, 7, 4, 3, 5, 8, 0]",4391.518972691091,9467900,9
ds_603_courier_2618,"[0, 7, 4, 3, 1, 2, 6, 5, 9, 8, 0]",7531.620298710024,9002800,9
ds_603_courier_3073,"[0, 4, 2, 5, 1, 3, 6, 7, 9, 8, 0]",4823.015353334204,10737500,9
ds_604_courier_487,"[0, 6, 5, 1, 2, 3, 4, 8, 9, 7, 0]",8555.965404363302,9999300,9
ds_605_courier_4849,"[0, 8, 9, 7, 1, 2, 5, 6, 3, 4, 0]",7979.028418638991,10298500,9
ds_606_courier_2688,"[0, 3, 4, 1, 6, 9, 8, 7, 2, 5, 0]",9965.03095136053,9843100,9
ds_610_courier_979,"[0, 7, 4, 3, 6, 5, 2, 1, 9, 8, 0]",4551.321321609329,9999000,9
ds_615_courier_435,"[0, 7, 6, 4, 9, 5, 2, 3, 1, 8, 0]",8467.567180251688,10017800,9
ds_619_courier_161,"[0, 5, 4, 1, 2, 6, 7, 3, 8, 9, 0]",4509.681934735044,9508100,9
ds_630_courier_3156,"[0, 3, 1, 8, 4, 2, 9, 7, 5, 6, 0]",9022.216653593581,8506600,9
ds_702_courier_487,"[0, 3, 2, 5, 4, 1, 8, 6, 7, 9, 0]",21597.303482058876,10033300,9
ds_706_courier_3156,"[0, 3, 7, 8, 6, 5, 4, 2, 1, 9, 0]",8807.93744613666,10012800,9
ds_707_courier_1656,"[0, 4, 2, 3, 6, 7, 5, 8, 1, 9, 0]",18063.86625566019,10002900,9
ds_707_courier_435,"[0, 2, 4, 3, 6, 1, 8, 5, 7, 9, 0]",4880.920502737672,9514200,9
ds_709_courier_4474,"[0, 6, 2, 5, 3, 8, 1, 7, 4, 9, 0]",6733.3807176057,9526800,9
ds_711_courier_638,"[0, 2, 3, 6, 4, 5, 9, 1, 7, 8, 0]",19205.285035334768,10506800,9
ds_711_courier_949,"[0, 4, 3, 2, 7, 1, 9, 8, 5, 6, 0]",9443.630268133982,11189900,9
ds_712_courier_487,"[0, 6, 4, 7, 3, 5, 1, 9, 2, 8, 0]",15215.195766888657,11018400,9
ds_716_courier_487,"[0, 6, 7, 8, 3, 9, 2, 1, 4, 5, 0]",15144.37648425229,10002800,9
ds_719_courier_487,"[0, 3, 1, 2, 8, 9, 7, 6, 5, 4, 0]",14494.32517143789,10001000,9
ds_720_courier_487,"[0, 4, 5, 3, 1, 2, 9, 8, 7, 6, 0]",13337.254229623462,10014300,9
ds_723_courier_435,"[0, 2, 6, 8, 1, 5, 9, 7, 4, 3, 0]",5189.432667058,10005800,9
ds_725_courier_487,"[0, 4, 7, 6, 5, 8, 1, 2, 3, 9, 0]",16908.70988064019,9998600,9
ds_727_courier_487,"[0, 5, 6, 7, 1, 8, 9, 3, 2, 4, 0]",14927.101157089915,9964600,9
ds_728_courier_3156,"[0, 1, 7, 4, 2, 5, 8, 6, 9, 3, 0]",9397.320937768365,10011100,9
ds_728_courier_487,"[0, 5, 4, 1, 2, 6, 3, 9, 8, 7, 0]",15374.30623169206,9999300,9
ds_730_courier_487,"[0, 8, 9, 6, 7, 4, 5, 1, 3, 2, 0]",13838.214920034434,11021400,9
ds_801_courier_487,"[0, 3, 2, 4, 9, 7, 6, 1, 8, 5, 0]",13521.234743624667,10029900,9
ds_802_courier_1656,"[0, 6, 5, 2, 9, 3, 8, 4, 1, 7, 0]",17519.753392967166,9998200,9
ds_807_courier_1656,"[0, 3, 4, 8, 5, 9, 6, 2, 1, 7, 0]",10132.768303784393,10016200,9
ds_809_courier_1656,"[0, 4, 7, 5, 1, 6, 8, 2, 3, 9, 0]",16951.97638843129,9509900,9
ds_815_courier_1656,"[0, 8, 7, 6, 5, 3, 2, 4, 9, 1, 0]",23964.8644868229,9005100,9
ds_818_courier_1656,"[0, 5, 1, 2, 6, 7, 4, 3, 9, 8, 0]",9847.084161232631,10016600,9
ds_822_courier_435,"[0, 4, 8, 2, 1, 7, 5, 9, 3, 6, 0]",8595.201710715526,10016300,9
ds_901_courier_487,"[0, 8, 5, 3, 9, 7, 6, 2, 1, 4, 0]",14660.168064744317,10507600,9
ds_904_courier_1558,"[0, 7, 9, 8, 4, 2, 6, 5, 1, 3, 0]",7595.110537508021,9267700,9
ds_910_courier_1558,"[0, 5, 4, 9, 8, 7, 6, 3, 2, 1, 0]",8073.692394190614,8506500,9
ds_919_courier_487,"[0, 5, 6, 1, 9, 2, 4, 3, 8, 7, 0]",14985.536752187929,11003700,9
ds_920_courier_1656,"[0, 4, 5, 7, 9, 6, 2, 8, 1, 3, 0]",20468.881477270574,10141700,9
ds_920_courier_487,"[0, 8, 7, 4, 6, 3, 9, 5, 2, 1, 0]",15156.193902535691,17513400,9
ds_926_courier_487,"[0, 3, 1, 9, 2, 7, 8, 6, 5, 4, 0]",15178.016534438175,9504900,9
